Connected: localhost:5433/prod_3008 (DRY RUN)
Scope: reference_type = 'GOODS_RECEIPT' AND movement_type IN ('ADJUSTMENT_INCREASE', 'ADJUSTMENT_DECREASE') AND notes LIKE 'Adjustment for % rev %' AND created_at >= '2026-08-29'::timestamp AND created_at < '2026-08-30'::timestamp

2929 delta(s) to undo across 6 receipt(s):

  NK000049  [Chi nhánh MT46 Đà Nẵng]  status=POSTED rev=1 -> 2  edited_at=2026-08-29 02:49:15.284967
      DDD160       @ 999        wrong edit -6, restore +6   balance 0 -> 6
      MY169-2-K-35 @ U29.03     wrong edit -1, restore +1   balance 0 -> 1
  NK000050  [Chi nhánh MT46 Đà Nẵng]  status=POSTED rev=2 -> 3  edited_at=2026-08-29 02:53:24.693971
      PGIA212-D-35 @ U42.05     wrong edit +1, restore -1   balance 2 -> 1
      TH10391-K-37 @ U05.03     wrong edit -1, restore +1   balance 0 -> 1
      TXMO08-X     @ 999        wrong edit -1, restore +1   balance 0 -> 1
  NK000117  [Chi nhánh MT211 Đà Nẵng]  status=POSTED rev=1 -> 2  edited_at=2026-08-29 02:04:11.129091
      ABA3299-D-40 @ G02.03     wrong edit +1, restore -1   balance 1 -> 0
      ABA3299-D-42 @ G02.03     wrong edit +1, restore -1   balance 1 -> 0
      AK1109-25-DO-40 @ Q31.05     wrong edit +1, restore -1   balance 1 -> 0
      AK1163023-DO-37 @ Q29.03     wrong edit +1, restore -1   balance 1 -> 0
      AK2204-1-D-39 @ H28.01     wrong edit +1, restore -1   balance 1 -> 0
      AK2391-12-CC-37 @ C19.04     wrong edit -1, restore +1   balance 1 -> 2
      AK572-82-D-34 @ H07.01     wrong edit -2, restore +2   balance 2 -> 4
      AK572-82-D-35 @ H07.01     wrong edit -3, restore +3   balance 3 -> 6
      AK572-82-D-37 @ H07.01     wrong edit -5, restore +5   balance 5 -> 10
      AK572-82-TR-34 @ H07.01     wrong edit -2, restore +2   balance 2 -> 4
      AK572-82-TR-35 @ H07.01     wrong edit -3, restore +3   balance 3 -> 6
      AK572-82-TR-37 @ H07.01     wrong edit -4, restore +4   balance 4 -> 8
      AK5907-TR-39 @ G07.01     wrong edit -1, restore +1   balance 1 -> 2
      AK6110-N-41  @ Y10.03     wrong edit -1, restore +1   balance 1 -> 2
      AK6FA35-D-40 @ Y19.03     wrong edit -1, restore +1   balance 1 -> 2
      AK6HD22-N-42 @ T44.03     wrong edit +1, restore -1   balance 1 -> 0
      AKB292905-D-35 @ C01.06     wrong edit +1, restore -1   balance 1 -> 0
      AKB292905-D-36 @ C01.06     wrong edit +1, restore -1   balance 1 -> 0
      AKB2935-1-DO-35 @ H60.01     wrong edit +1, restore -1   balance 1 -> 0
      AKCV3930-D-39 @ Y19.04     wrong edit +2, restore -2   balance 2 -> 0
      AKCV5539-D-38 @ Y05.02     wrong edit +2, restore -2   balance 2 -> 0
      AKCV5561-D-38 @ Y31.03     wrong edit +2, restore -2   balance 2 -> 0
      AKCV5561-N-38 @ Y31.03     wrong edit +2, restore -2   balance 2 -> 0
      AKCV5561-N-39 @ Y31.03     wrong edit +1, restore -1   balance 1 -> 0
      AKCV5561-N-40 @ Y31.03     wrong edit +3, restore -3   balance 3 -> 0
      AKCV5563-BO-38 @ Y16.03     wrong edit +1, restore -1   balance 1 -> 0
      AKCV8151-N-41 @ Y14.02     wrong edit +1, restore -1   balance 1 -> 0
      AKCV8666-D-40 @ Y32.02     wrong edit +4, restore -4   balance 3 -> -1
      AKCV8666-D-41 @ Y32.02     wrong edit +3, restore -3   balance 2 -> -1
      AKCV8666-TR-40 @ Y32.02     wrong edit +1, restore -1   balance 1 -> 0
      AKCV8666-TR-41 @ Y32.02     wrong edit +2, restore -2   balance 2 -> 0
      AKCV8666-TR-42 @ Y32.02     wrong edit +2, restore -2   balance 2 -> 0
      AKCV8666-TR-43 @ Y32.02     wrong edit +3, restore -3   balance 3 -> 0
      AKCV8698-TR-39 @ F03.02     wrong edit +1, restore -1   balance 1 -> 0
      AKCV8698-TR-42 @ F03.02     wrong edit +1, restore -1   balance 1 -> 0
      AKCV8702-TR-39 @ F01.02     wrong edit +1, restore -1   balance 0 -> -1
      AKCV8702-TR-40 @ F01.02     wrong edit +2, restore -2   balance 2 -> 0
      AKCV8702-TR-41 @ F01.02     wrong edit +2, restore -2   balance 2 -> 0
      AKCV8702-TR-42 @ F01.02     wrong edit +1, restore -1   balance 1 -> 0
      AKCV95027-D-38 @ Y01.03     wrong edit +1, restore -1   balance 0 -> -1
      AKCV95027-D-41 @ Y01.03     wrong edit +2, restore -2   balance 2 -> 0
      AKCV95027-D-44 @ Y01.03     wrong edit +2, restore -2   balance 2 -> 0
      AKCV95027-N-38 @ Y01.03     wrong edit +2, restore -2   balance 2 -> 0
      AKCV95027-N-40 @ Y01.03     wrong edit +3, restore -3   balance 3 -> 0
      AKCV999-BO-38 @ T01.01     wrong edit +1, restore -1   balance 1 -> 0
      AKCV999-BO-39 @ T01.01     wrong edit +1, restore -1   balance 1 -> 0
      AKDP0-666-D-36 @ H06.01     wrong edit -4, restore +4   balance 4 -> 8
      AKDP0-666-D-37 @ H06.01     wrong edit -4, restore +4   balance 4 -> 8
      AKDP078-70-D-34 @ H37.01     wrong edit +1, restore -1   balance 1 -> 0
      AKDP078-70-D-39 @ H37.01     wrong edit +2, restore -2   balance 2 -> 0
      AKDP078-96-D-34 @ H52.01     wrong edit +1, restore -1   balance 1 -> 0
      AKDP078-96-D-35 @ H52.01     wrong edit +1, restore -1   balance 1 -> 0
      AKDP078-96-TR-35 @ H52.01     wrong edit +2, restore -2   balance 2 -> 0
      AKDP078-96-TR-37 @ H52.01     wrong edit +1, restore -1   balance 1 -> 0
      AKDP1-20-D-36 @ Q01.05     wrong edit -5, restore +5   balance 5 -> 10
      AKDP1-20-D-37 @ Q01.05     wrong edit +6, restore -6   balance 5 -> -1
      AKDP1-20-K-36 @ Q01.05     wrong edit +4, restore -4   balance 4 -> 0
      AKDP1-80-K-35 @ H21.01     wrong edit -2, restore +2   balance 1 -> 3
      AKDP1-80-K-36 @ H21.01     wrong edit +2, restore -2   balance 1 -> -1
      AKDP1-80-K-37 @ H21.01     wrong edit +1, restore -1   balance 1 -> 0
      AKDP1-80-K-40 @ H21.01     wrong edit -3, restore +3   balance 3 -> 6
      AKDP1-80-V-40 @ H21.01     wrong edit -2, restore +2   balance 2 -> 4
      AKDP1128-BA-38 @ H16.02     wrong edit -4, restore +4   balance 4 -> 8
      AKDP1128-D-38 @ H16.02     wrong edit -4, restore +4   balance 4 -> 8
      AKDP1128-D-39 @ H16.02     wrong edit -3, restore +3   balance 3 -> 6
      AKDP1129-D-35 @ C12.06     wrong edit +1, restore -1   balance 1 -> 0
      AKDP1878-03-K-36 @ Q15.05     wrong edit +1, restore -1   balance 1 -> 0
      AKDP2-168-D-37 @ Q04.05     wrong edit -4, restore +4   balance 3 -> 7
      AKDP2-168-K-35 @ Q04.05     wrong edit -1, restore +1   balance 1 -> 2
      AKDP2-168-K-38 @ Q04.05     wrong edit -3, restore +3   balance 3 -> 6
      AKDP201-2-D-36 @ B05.06     wrong edit -4, restore +4   balance 4 -> 8
      AKDP201-2-D-39 @ B05.06     wrong edit -3, restore +3   balance 3 -> 6
      AKDP2220-K-36 @ B31.06     wrong edit +1, restore -1   balance 1 -> 0
      AKDP2220-K-37 @ B31.06     wrong edit +1, restore -1   balance 1 -> 0
      AKDP2225-5-DO-37 @ Q28.06     wrong edit +1, restore -1   balance 1 -> 0
      AKDP2225-5-DO-39 @ Q28.06     wrong edit +1, restore -1   balance 0 -> -1
      AKDP2387-8-X-35 @ Q14.03     wrong edit -1, restore +1   balance 1 -> 2
      AKDP393-6-D-37 @ B07.05     wrong edit -4, restore +4   balance 4 -> 8
      AKDP393-6-D-38 @ B07.05     wrong edit -3, restore +3   balance 1 -> 4
      AKDP393-6-D-39 @ B07.05     wrong edit -3, restore +3   balance 1 -> 4
      AKDP393-6-TR-35 @ B07.05     wrong edit -3, restore +3   balance 2 -> 5
      AKDP393-6-TR-36 @ B07.05     wrong edit -5, restore +5   balance 5 -> 10
      AKDP393-6-TR-37 @ B07.05     wrong edit -3, restore +3   balance 4 -> 7
      AKDP393-6-TR-38 @ B07.05     wrong edit -4, restore +4   balance 4 -> 8
      AKDP393-6-TR-39 @ B07.05     wrong edit -3, restore +3   balance 3 -> 6
      AKDP393-9-K-35 @ H32.01     wrong edit -2, restore +2   balance 2 -> 4
      AKDP393-9-K-36 @ H32.01     wrong edit -4, restore +4   balance 4 -> 8
      AKDP393-9-K-37 @ H32.01     wrong edit -4, restore +4   balance 3 -> 7
      AKDP393-9-K-38 @ H32.01     wrong edit -4, restore +4   balance 4 -> 8
      AKDP452-45-BA-39 @ Q22.02     wrong edit +1, restore -1   balance 1 -> 0
      AKDP452-45-D-39 @ Q22.02     wrong edit +1, restore -1   balance 1 -> 0
      AKDP60-3-D-37 @ H72.01     wrong edit -5, restore +5   balance 5 -> 10
      AKDP60-3-D-39 @ H72.01     wrong edit -3, restore +3   balance 3 -> 6
      AKDP60-3-DA-39 @ H72.01     wrong edit -3, restore +3   balance 1 -> 4
      AKDP6039-D-36 @ H23.03     wrong edit -5, restore +5   balance 3 -> 8
      AKDP6039-D-37 @ H23.03     wrong edit -4, restore +4   balance 4 -> 8
      AKDP62201-7-B-35 @ H67.01     wrong edit -3, restore +3   balance 3 -> 6
      AKDP62201-7-B-36 @ H67.01     wrong edit -3, restore +3   balance 3 -> 6
      AKDP62201-7-B-37 @ H67.01     wrong edit -4, restore +4   balance 4 -> 8
      AKDP62201-7-B-38 @ H67.01     wrong edit -3, restore +3   balance 2 -> 5
      AKDP62201-7-B-39 @ H67.01     wrong edit -3, restore +3   balance 2 -> 5
      AKDP62201-7-D-35 @ H67.01     wrong edit -2, restore +2   balance 2 -> 4
      AKDP62201-7-D-36 @ H67.01     wrong edit -4, restore +4   balance 4 -> 8
      AKDP62201-7-D-37 @ H67.01     wrong edit -3, restore +3   balance 3 -> 6
      AKDP62201-7-D-38 @ H67.01     wrong edit -3, restore +3   balance 3 -> 6
      AKDP62201-7-D-39 @ H67.01     wrong edit -3, restore +3   balance 3 -> 6
      AKDP70-30-D-39 @ B07.02     wrong edit -3, restore +3   balance 3 -> 6
      AKDP70-30-K-35 @ B07.02     wrong edit -3, restore +3   balance 3 -> 6
      AKDP70-30-K-39 @ B07.02     wrong edit -3, restore +3   balance 3 -> 6
      AKDP7118-D-39 @ Q08.05     wrong edit -1, restore +1   balance 0 -> 1
      AKDP81-9-D-35 @ H25.02     wrong edit -3, restore +3   balance 3 -> 6
      AKDP81-9-K-35 @ H25.02     wrong edit -3, restore +3   balance 3 -> 6
      AKDP81-9-K-37 @ H25.02     wrong edit -5, restore +5   balance 5 -> 10
      AKDP869-1-BA-35 @ H69.02     wrong edit -3, restore +3   balance 2 -> 5
      AKDP869-1-BA-36 @ H69.02     wrong edit -3, restore +3   balance 3 -> 6
      AKDP869-1-BA-37 @ H69.02     wrong edit -4, restore +4   balance 4 -> 8
      AKDP869-1-BA-38 @ H69.02     wrong edit -3, restore +3   balance 3 -> 6
      AKDP869-1-BA-39 @ H69.02     wrong edit -3, restore +3   balance 3 -> 6
      AKDP869-1-D-35 @ H69.02     wrong edit -3, restore +3   balance 3 -> 6
      AKDP869-1-D-36 @ H69.02     wrong edit -4, restore +4   balance 4 -> 8
      AKDP869-1-D-37 @ H69.02     wrong edit -3, restore +3   balance 3 -> 6
      AKDP869-1-D-38 @ H69.02     wrong edit -3, restore +3   balance 3 -> 6
      AKDP869-1-D-39 @ H69.02     wrong edit -3, restore +3   balance 3 -> 6
      AKDP8698-BA-35 @ H53.01     wrong edit -4, restore +4   balance 4 -> 8
      AKDP8698-BA-36 @ H53.01     wrong edit -5, restore +5   balance 4 -> 9
      AKDP8698-BA-37 @ H53.01     wrong edit -5, restore +5   balance 5 -> 10
      AKDP8698-BA-38 @ H53.01     wrong edit -4, restore +4   balance 4 -> 8
      AKDP8698-D-36 @ H53.01     wrong edit -5, restore +5   balance 4 -> 9
      AKDP8698-D-37 @ H53.01     wrong edit -5, restore +5   balance 5 -> 10
      AKDP915-1-D-35 @ H33.01     wrong edit -3, restore +3   balance 2 -> 5
      AKDP915-1-D-36 @ H33.01     wrong edit -5, restore +5   balance 5 -> 10
      AKDP915-1-D-37 @ H33.01     wrong edit -4, restore +4   balance 3 -> 7
      AKDP915-1-D-38 @ H33.01     wrong edit -4, restore +4   balance 4 -> 8
      AKDP915-1-D-39 @ H33.01     wrong edit -3, restore +3   balance 3 -> 6
      AKDP915-1-X-35 @ H33.01     wrong edit -2, restore +2   balance 2 -> 4
      AKDP915-1-X-38 @ H33.01     wrong edit -1, restore +1   balance 2 -> 3
      AKDP9207-DO-35 @ Q27.04     wrong edit -1, restore +1   balance 1 -> 2
      AKDP9311-1-DA-35 @ C24.04     wrong edit -1, restore +1   balance 1 -> 2
      AKDP9311-1-DA-39 @ C24.04     wrong edit -1, restore +1   balance 1 -> 2
      AKDP95-23-K-34 @ H04.01     wrong edit -2, restore +2   balance 2 -> 4
      AKDP95665-D-40 @ A07.05     wrong edit -1, restore +1   balance 1 -> 2
      AKHD04-N-39  @ G01.02     wrong edit -1, restore +1   balance 1 -> 2
      AKHL16860-D-35 @ H65.02     wrong edit -2, restore +2   balance 2 -> 4
      AKHL16860-D-36 @ H65.02     wrong edit -3, restore +3   balance 3 -> 6
      AKHL16860-D-37 @ H65.02     wrong edit -1, restore +1   balance 0 -> 1
      AKHL16860-D-38 @ H65.02     wrong edit -3, restore +3   balance 3 -> 6
      AKHL16860-D-39 @ H65.02     wrong edit -3, restore +3   balance 3 -> 6
      AKHL16860-K-35 @ H65.02     wrong edit -3, restore +3   balance 3 -> 6
      AKHL16860-K-36 @ H65.02     wrong edit -3, restore +3   balance 3 -> 6
      AKHL16860-K-37 @ H65.02     wrong edit -3, restore +3   balance 3 -> 6
      AKHL16860-K-38 @ H65.02     wrong edit -3, restore +3   balance 3 -> 6
      AKHL16860-K-39 @ H65.02     wrong edit -3, restore +3   balance 3 -> 6
      AKHL18860-D-35 @ H68.01     wrong edit -1, restore +1   balance 1 -> 2
      AKHL18860-D-36 @ H68.01     wrong edit -3, restore +3   balance 3 -> 6
      AKHL18860-D-37 @ H68.01     wrong edit -3, restore +3   balance 3 -> 6
      AKHL18860-D-38 @ H68.01     wrong edit -3, restore +3   balance 3 -> 6
      AKHL18860-D-39 @ H68.01     wrong edit -3, restore +3   balance 3 -> 6
      AKHL18860-DA-35 @ H68.01     wrong edit -2, restore +2   balance 1 -> 3
      AKHL18860-DA-36 @ H68.01     wrong edit -2, restore +2   balance 2 -> 4
      AKHL18860-DA-37 @ H68.01     wrong edit -3, restore +3   balance 3 -> 6
      AKHL18860-DA-38 @ H68.01     wrong edit -3, restore +3   balance 3 -> 6
      AKHL18860-DA-39 @ H68.01     wrong edit -3, restore +3   balance 3 -> 6
      AKHL452-37-BA-34 @ H36.01     wrong edit -1, restore +1   balance 1 -> 2
      AKHL452-37-BA-35 @ H36.01     wrong edit -2, restore +2   balance 2 -> 4
      AKHL452-37-BA-36 @ H36.01     wrong edit -2, restore +2   balance 2 -> 4
      AKHL452-37-BA-37 @ H36.01     wrong edit -2, restore +2   balance 2 -> 4
      AKHL452-37-BA-38 @ H36.01     wrong edit -1, restore +1   balance 2 -> 3
      AKHL452-37-BA-39 @ H36.01     wrong edit -1, restore +1   balance 0 -> 1
      AKHL452-37-D-34 @ H36.01     wrong edit -2, restore +2   balance 2 -> 4
      AKHL452-37-D-35 @ H36.01     wrong edit -3, restore +3   balance 3 -> 6
      AKHL452-37-D-36 @ H36.01     wrong edit -3, restore +3   balance 1 -> 4
      AKHL452-37-D-39 @ H36.01     wrong edit -1, restore +1   balance 1 -> 2
      AKHL5003-DA-37 @ Q20.01     wrong edit +1, restore -1   balance 1 -> 0
      AKHL573-53-V-35 @ H26.02     wrong edit -1, restore +1   balance 1 -> 2
      AKHL598-018-V-36 @ C05.01     wrong edit +1, restore -1   balance 1 -> 0
      AKHL598-018-V-39 @ C05.01     wrong edit +1, restore -1   balance 1 -> 0
      AKHL6100-K-35 @ H39.01     wrong edit -2, restore +2   balance 2 -> 4
      AKHL6100-K-37 @ H39.01     wrong edit -5, restore +5   balance 3 -> 8
      AKHL6100-K-38 @ H39.01     wrong edit -4, restore +4   balance 4 -> 8
      AKHL6100-K-39 @ H39.01     wrong edit -2, restore +2   balance 2 -> 4
      AKHL6101-K-38 @ H13.03     wrong edit +1, restore -1   balance 1 -> 0
      AKHL6488-D-35 @ H19.02     wrong edit -2, restore +2   balance 2 -> 4
      AKHL6488-D-36 @ H19.02     wrong edit -4, restore +4   balance 4 -> 8
      AKHL6488-D-37 @ H19.02     wrong edit -4, restore +4   balance 3 -> 7
      AKHL6488-D-38 @ H19.02     wrong edit -4, restore +4   balance 4 -> 8
      AKHL6488-D-39 @ H19.02     wrong edit -2, restore +2   balance 2 -> 4
      AKHL6488-K-37 @ H19.02     wrong edit -3, restore +3   balance 3 -> 6
      AKHL6863-8-BA-36 @ H34.02     wrong edit -4, restore +4   balance 3 -> 7
      AKHL6863-8-BA-38 @ H34.02     wrong edit -3, restore +3   balance 3 -> 6
      AKHL6863-8-BA-39 @ H34.02     wrong edit -2, restore +2   balance 1 -> 3
      AKHL6863-8-D-36 @ H34.02     wrong edit -3, restore +3   balance 3 -> 6
      AKHL8235-D-36 @ C06.05     wrong edit +1, restore -1   balance 1 -> 0
      AKHL8235-D-38 @ C06.05     wrong edit +1, restore -1   balance 1 -> 0
      AKHL8235-V-39 @ C06.05     wrong edit +1, restore -1   balance 1 -> 0
      AKHL8235-V-40 @ C06.05     wrong edit +1, restore -1   balance 1 -> 0
      AKHL878-5-BA-36 @ Q06.04     wrong edit +1, restore -1   balance 1 -> 0
      AKHL878-5-K-35 @ Q06.04     wrong edit +1, restore -1   balance 1 -> 0
      AKNI372-3-D-38 @ C09.02     wrong edit +1, restore -1   balance 1 -> 0
      AKS43058-10-D-35 @ B32.04     wrong edit -3, restore +3   balance 3 -> 6
      AKS43058-10-D-36 @ B32.04     wrong edit -3, restore +3   balance 3 -> 6
      AKS43058-10-D-37 @ B32.04     wrong edit -3, restore +3   balance 3 -> 6
      AKS43058-10-D-38 @ B32.04     wrong edit -2, restore +2   balance 1 -> 3
      AKS43058-10-D-39 @ B32.04     wrong edit -3, restore +3   balance 3 -> 6
      AKS43058-10-K-35 @ B32.04     wrong edit -3, restore +3   balance 3 -> 6
      AKS43058-10-K-36 @ B32.04     wrong edit -3, restore +3   balance 3 -> 6
      AKS43058-10-K-37 @ B32.04     wrong edit -4, restore +4   balance 4 -> 8
      AKS43058-10-K-38 @ B32.04     wrong edit -3, restore +3   balance 3 -> 6
      AKS43058-10-K-39 @ B32.04     wrong edit -3, restore +3   balance 3 -> 6
      AKS46680-26-D-35 @ H70.02     wrong edit -3, restore +3   balance 3 -> 6
      AKS46680-26-D-36 @ H70.02     wrong edit -4, restore +4   balance 2 -> 6
      AKS46680-26-D-37 @ H70.02     wrong edit -3, restore +3   balance 3 -> 6
      AKS46680-26-D-38 @ H70.02     wrong edit -3, restore +3   balance 2 -> 5
      AKS46680-26-D-39 @ H70.02     wrong edit -2, restore +2   balance 1 -> 3
      AKS46680-26-K-35 @ H70.02     wrong edit -3, restore +3   balance 3 -> 6
      AKS46680-26-K-36 @ H70.02     wrong edit -3, restore +3   balance 3 -> 6
      AKS46680-26-K-37 @ H70.02     wrong edit -3, restore +3   balance 3 -> 6
      AKS46680-26-K-38 @ H70.02     wrong edit -3, restore +3   balance 3 -> 6
      AKS46680-26-K-39 @ H70.02     wrong edit -3, restore +3   balance 3 -> 6
      AKSK27095-BO-38 @ T40.03     wrong edit +1, restore -1   balance 1 -> 0
      AKSK27095-D-38 @ T40.03     wrong edit +1, restore -1   balance 1 -> 0
      AKSK27095-D-39 @ T40.03     wrong edit +1, restore -1   balance 1 -> 0
      AKSK27095-D-40 @ T40.03     wrong edit +1, restore -1   balance 1 -> 0
      AKSK27095-D-43 @ T40.03     wrong edit +1, restore -1   balance 1 -> 0
      AKSK27096-BO-41 @ Y20.02     wrong edit +1, restore -1   balance 1 -> 0
      AKSK6673-D-40 @ E19.03     wrong edit +1, restore -1   balance 1 -> 0
      AKSK6673-D-41 @ E19.03     wrong edit +1, restore -1   balance 1 -> 0
      AKSK6673-D-43 @ E19.03     wrong edit +1, restore -1   balance 1 -> 0
      AKSK6673-D-44 @ E19.03     wrong edit +1, restore -1   balance 1 -> 0
      AKYUYN-01-D-45 @ E20.01     wrong edit +1, restore -1   balance 1 -> 0
      AKYUYN-07-D-38 @ Q30.01     wrong edit -1, restore +1   balance 1 -> 2
      AKYUYN-07-TR-40 @ Q30.01     wrong edit -1, restore +1   balance 1 -> 2
      CAN0213-D-39 @ T25.03     wrong edit +3, restore -3   balance 3 -> 0
      CAN0213-D-40 @ T25.03     wrong edit +3, restore -3   balance 3 -> 0
      CAN0213-D-41 @ T25.03     wrong edit +3, restore -3   balance 3 -> 0
      CAN0213-D-42 @ T25.03     wrong edit +2, restore -2   balance 2 -> 0
      CAN0213-D-43 @ T25.03     wrong edit +3, restore -3   balance 3 -> 0
      CAN0213-D-44 @ T25.03     wrong edit +3, restore -3   balance 3 -> 0
      CAN0213-N-39 @ T25.03     wrong edit +3, restore -3   balance 3 -> 0
      CAN0213-N-40 @ T25.03     wrong edit +4, restore -4   balance 4 -> 0
      CAN0213-N-41 @ T25.03     wrong edit +2, restore -2   balance 2 -> 0
      CAN0213-N-42 @ T25.03     wrong edit +3, restore -3   balance 3 -> 0
      CAN0213-N-43 @ T25.03     wrong edit +3, restore -3   balance 3 -> 0
      CAN0213-N-44 @ T25.03     wrong edit +3, restore -3   balance 3 -> 0
      CAN107-6-N-40 @ T10.05     wrong edit +1, restore -1   balance 1 -> 0
      CAN2029-21-D-38 @ T21.04     wrong edit -1, restore +1   balance 1 -> 2
      CANAD350-D-38 @ T29.04     wrong edit +1, restore -1   balance 0 -> -1
      CANAD350-D-40 @ T29.04     wrong edit +2, restore -2   balance 2 -> 0
      CANAD350-D-41 @ T29.04     wrong edit +1, restore -1   balance 2 -> 1
      CANAD350-D-42 @ T29.04     wrong edit +1, restore -1   balance 1 -> 0
      CANAD350-D-43 @ T29.04     wrong edit +1, restore -1   balance 2 -> 1
      CANAD350-D-44 @ T29.04     wrong edit +3, restore -3   balance 3 -> 0
      CANAD350-TR-38 @ T29.04     wrong edit +1, restore -1   balance 1 -> 0
      CANAD350-TR-40 @ T29.04     wrong edit +2, restore -2   balance 1 -> -1
      CANAD350-TR-41 @ T29.04     wrong edit +2, restore -2   balance 2 -> 0
      CANAD350-TR-42 @ T29.04     wrong edit +2, restore -2   balance 2 -> 0
      CANAD350-TR-43 @ T29.04     wrong edit +2, restore -2   balance 2 -> 0
      CANAD350-TR-44 @ T29.04     wrong edit +3, restore -3   balance 3 -> 0
      CANAD350-XA-38 @ T29.04     wrong edit +1, restore -1   balance 0 -> -1
      CANAD350-XA-39 @ T29.04     wrong edit +1, restore -1   balance 1 -> 0
      CANAD350-XA-40 @ T29.04     wrong edit +2, restore -2   balance 0 -> -2
      CANAD350-XA-41 @ T29.04     wrong edit +1, restore -1   balance 2 -> 1
      CANAD350-XA-42 @ T29.04     wrong edit +2, restore -2   balance 2 -> 0
      CANAD350-XA-43 @ T29.04     wrong edit +1, restore -1   balance 1 -> 0
      CANAD350-XA-44 @ T29.04     wrong edit +2, restore -2   balance 2 -> 0
      CANCP290-K-38 @ T32.04     wrong edit +1, restore -1   balance 1 -> 0
      CANCP290-K-39 @ T32.04     wrong edit +1, restore -1   balance 1 -> 0
      CANCP290-K-40 @ T32.04     wrong edit +3, restore -3   balance 3 -> 0
      CANCP290-K-41 @ T32.04     wrong edit +2, restore -2   balance 2 -> 0
      CANCP290-K-42 @ T32.04     wrong edit +3, restore -3   balance 3 -> 0
      CANCP290-K-43 @ T32.04     wrong edit +3, restore -3   balance 3 -> 0
      CANCP290-K-44 @ T32.04     wrong edit +2, restore -2   balance 2 -> 0
      CANCP290-X-38 @ T32.04     wrong edit +2, restore -2   balance 2 -> 0
      CANCP290-X-39 @ T32.04     wrong edit +3, restore -3   balance 3 -> 0
      CANCP290-X-40 @ T32.04     wrong edit +3, restore -3   balance 3 -> 0
      CANCP290-X-41 @ T32.04     wrong edit +3, restore -3   balance 3 -> 0
      CANCP290-X-42 @ T32.04     wrong edit +1, restore -1   balance 1 -> 0
      CANCP290-X-43 @ T32.04     wrong edit +3, restore -3   balance 3 -> 0
      CANCP290-X-44 @ T32.04     wrong edit +2, restore -2   balance 2 -> 0
      CANDN001-D-44 @ T19.02     wrong edit +1, restore -1   balance 1 -> 0
      CANDN001-N-40 @ T19.02     wrong edit +2, restore -2   balance 2 -> 0
      CANFHS-04-D-39 @ T02.06     wrong edit +2, restore -2   balance 6 -> 4
      CANFHS-04-D-40 @ T02.06     wrong edit +2, restore -2   balance 5 -> 3
      CANFHS-04-D-41 @ T02.06     wrong edit +2, restore -2   balance 4 -> 2
      CANFHS-04-D-42 @ T02.06     wrong edit +1, restore -1   balance 4 -> 3
      CANFHS-04-D-43 @ T02.06     wrong edit +2, restore -2   balance 1 -> -1
      CANFHS-04-X-38 @ T02.06     wrong edit +1, restore -1   balance 0 -> -1
      CANFHS-04-X-39 @ T02.06     wrong edit +1, restore -1   balance 3 -> 2
      CANFHS-04-X-40 @ T02.06     wrong edit +1, restore -1   balance 4 -> 3
      CANFHS-04-X-41 @ T02.06     wrong edit +1, restore -1   balance 3 -> 2
      CANFHS-04-X-42 @ T02.06     wrong edit +1, restore -1   balance 3 -> 2
      CANFHS-04-X-43 @ T02.06     wrong edit +2, restore -2   balance 3 -> 1
      CANHT10-D-38 @ T32.03     wrong edit +3, restore -3   balance 2 -> -1
      CANHT10-D-39 @ T32.03     wrong edit +3, restore -3   balance 3 -> 0
      CANHT10-D-40 @ T32.03     wrong edit +3, restore -3   balance 4 -> 1
      CANHT10-D-41 @ T32.03     wrong edit +3, restore -3   balance 6 -> 3
      CANHT10-D-42 @ T32.03     wrong edit +1, restore -1   balance 4 -> 3
      CANHT10-D-43 @ T32.03     wrong edit +3, restore -3   balance 3 -> 0
      CANHT10-D-44 @ T32.03     wrong edit +3, restore -3   balance 3 -> 0
      CANHT10-N-38 @ T32.03     wrong edit +2, restore -2   balance 1 -> -1
      CANHT10-N-39 @ T32.03     wrong edit +1, restore -1   balance 4 -> 3
      CANHT10-N-40 @ T32.03     wrong edit +2, restore -2   balance 4 -> 2
      CANHT10-N-41 @ T32.03     wrong edit +2, restore -2   balance 4 -> 2
      CANHT10-N-42 @ T32.03     wrong edit +2, restore -2   balance 4 -> 2
      CANHT10-N-43 @ T32.03     wrong edit +3, restore -3   balance 3 -> 0
      CANHT10-N-44 @ T32.03     wrong edit +2, restore -2   balance 3 -> 1
      CANIN003-D-38 @ E01.04     wrong edit +2, restore -2   balance 2 -> 0
      CANIN003-D-39 @ E01.04     wrong edit +2, restore -2   balance 1 -> -1
      CANIN003-N-39 @ E01.04     wrong edit +4, restore -4   balance 4 -> 0
      CANIN003-N-42 @ E01.04     wrong edit +2, restore -2   balance 2 -> 0
      CANIN003-N-43 @ E01.04     wrong edit +2, restore -2   balance 2 -> 0
      CANIN020-D-38 @ E07.04     wrong edit +1, restore -1   balance 1 -> 0
      CANIN020-D-39 @ E07.04     wrong edit +2, restore -2   balance 2 -> 0
      CANIN020-D-40 @ E07.04     wrong edit +2, restore -2   balance 2 -> 0
      CANIN020-D-41 @ E07.04     wrong edit +3, restore -3   balance 3 -> 0
      CANIN020-D-42 @ E07.04     wrong edit +3, restore -3   balance 3 -> 0
      CANIN020-D-43 @ E07.04     wrong edit +2, restore -2   balance 2 -> 0
      CANIN020-D-44 @ E07.04     wrong edit +2, restore -2   balance 2 -> 0
      CANIN020-N-38 @ E07.04     wrong edit +2, restore -2   balance 2 -> 0
      CANIN020-N-39 @ E07.04     wrong edit +2, restore -2   balance 2 -> 0
      CANIN020-N-40 @ E07.04     wrong edit +2, restore -2   balance 2 -> 0
      CANIN020-N-41 @ E07.04     wrong edit +1, restore -1   balance 1 -> 0
      CANIN020-N-42 @ E07.04     wrong edit +1, restore -1   balance 1 -> 0
      CANIN020-N-43 @ E07.04     wrong edit +2, restore -2   balance 2 -> 0
      CANIN020-N-44 @ E07.04     wrong edit +1, restore -1   balance 1 -> 0
      CANIN021-D-38 @ E08.02     wrong edit -2, restore +2   balance 2 -> 4
      CANIN021-D-39 @ E08.02     wrong edit -2, restore +2   balance 2 -> 4
      CANIN021-D-40 @ E08.02     wrong edit -2, restore +2   balance 2 -> 4
      CANIN021-D-41 @ E08.02     wrong edit -2, restore +2   balance 2 -> 4
      CANIN021-D-42 @ E08.02     wrong edit -3, restore +3   balance 3 -> 6
      CANIN021-D-43 @ E08.02     wrong edit -2, restore +2   balance 2 -> 4
      CANIN021-D-44 @ E08.02     wrong edit -2, restore +2   balance 2 -> 4
      CANIN021-N-38 @ E08.02     wrong edit -2, restore +2   balance 2 -> 4
      CANIN021-N-39 @ E08.02     wrong edit -2, restore +2   balance 2 -> 4
      CANIN021-N-40 @ E08.02     wrong edit -3, restore +3   balance 3 -> 6
      CANIN021-N-41 @ E08.02     wrong edit -2, restore +2   balance 2 -> 4
      CANIN021-N-42 @ E08.02     wrong edit -3, restore +3   balance 2 -> 5
      CANIN021-N-43 @ E08.02     wrong edit -2, restore +2   balance 2 -> 4
      CANIN021-N-44 @ E08.02     wrong edit -2, restore +2   balance 2 -> 4
      CANIN024-D-38 @ E02.03     wrong edit +2, restore -2   balance 2 -> 0
      CANIN024-D-39 @ E02.03     wrong edit +2, restore -2   balance 2 -> 0
      CANIN024-D-40 @ E02.03     wrong edit +2, restore -2   balance 2 -> 0
      CANIN024-D-41 @ E02.03     wrong edit +3, restore -3   balance 3 -> 0
      CANIN024-D-42 @ E02.03     wrong edit +3, restore -3   balance 3 -> 0
      CANIN024-D-43 @ E02.03     wrong edit +2, restore -2   balance 2 -> 0
      CANIN024-D-44 @ E02.03     wrong edit +2, restore -2   balance 2 -> 0
      CANIN024-N-38 @ E02.03     wrong edit -2, restore +2   balance 2 -> 4
      CANIN024-N-39 @ E02.03     wrong edit -1, restore +1   balance 1 -> 2
      CANIN024-N-40 @ E02.03     wrong edit -2, restore +2   balance 2 -> 4
      CANIN024-N-41 @ E02.03     wrong edit -1, restore +1   balance 1 -> 2
      CANIN024-N-42 @ E02.03     wrong edit -2, restore +2   balance 2 -> 4
      CANIN024-N-43 @ E02.03     wrong edit -2, restore +2   balance 2 -> 4
      CANIN024-N-44 @ E02.03     wrong edit -1, restore +1   balance 1 -> 2
      CANIN253-N-39 @ T16.01     wrong edit +2, restore -2   balance 2 -> 0
      CANIN253-N-41 @ T16.01     wrong edit +4, restore -4   balance 4 -> 0
      CANIN253-N-42 @ T16.01     wrong edit +2, restore -2   balance 2 -> 0
      CANIN261-D-38 @ T17.01     wrong edit -2, restore +2   balance 2 -> 4
      CANIN261-D-39 @ T17.01     wrong edit -2, restore +2   balance 2 -> 4
      CANIN261-D-40 @ T17.01     wrong edit -2, restore +2   balance 2 -> 4
      CANIN261-D-41 @ T17.01     wrong edit -2, restore +2   balance 2 -> 4
      CANIN261-D-42 @ T17.01     wrong edit -3, restore +3   balance 3 -> 6
      CANIN261-D-43 @ T17.01     wrong edit -2, restore +2   balance 2 -> 4
      CANIN261-D-44 @ T17.01     wrong edit -2, restore +2   balance 2 -> 4
      CANIN261-N-38 @ T17.01     wrong edit -2, restore +2   balance 2 -> 4
      CANIN261-N-39 @ T17.01     wrong edit -1, restore +1   balance 1 -> 2
      CANIN261-N-40 @ T17.01     wrong edit -2, restore +2   balance 2 -> 4
      CANIN261-N-41 @ T17.01     wrong edit -3, restore +3   balance 3 -> 6
      CANIN261-N-42 @ T17.01     wrong edit -3, restore +3   balance 2 -> 5
      CANIN261-N-43 @ T17.01     wrong edit -2, restore +2   balance 2 -> 4
      CANIN261-N-44 @ T17.01     wrong edit -2, restore +2   balance 2 -> 4
      CANIN343-D-38 @ T36.01     wrong edit -2, restore +2   balance 2 -> 4
      CANIN343-D-39 @ T36.01     wrong edit -2, restore +2   balance 2 -> 4
      CANIN343-D-40 @ T36.01     wrong edit -3, restore +3   balance 3 -> 6
      CANIN343-D-41 @ T36.01     wrong edit -2, restore +2   balance 2 -> 4
      CANIN343-D-42 @ T36.01     wrong edit -3, restore +3   balance 3 -> 6
      CANIN343-D-43 @ T36.01     wrong edit -2, restore +2   balance 2 -> 4
      CANIN343-D-44 @ T36.01     wrong edit -2, restore +2   balance 2 -> 4
      CANIN343-N-38 @ T36.01     wrong edit -2, restore +2   balance 2 -> 4
      CANIN343-N-39 @ T36.01     wrong edit -2, restore +2   balance 2 -> 4
      CANIN343-N-40 @ T36.01     wrong edit -2, restore +2   balance 2 -> 4
      CANIN343-N-41 @ T36.01     wrong edit -3, restore +3   balance 3 -> 6
      CANIN343-N-42 @ T36.01     wrong edit -3, restore +3   balance 3 -> 6
      CANIN343-N-43 @ T36.01     wrong edit -2, restore +2   balance 2 -> 4
      CANIN343-N-44 @ T36.01     wrong edit -2, restore +2   balance 2 -> 4
      CANIN365-D-38 @ E09.04     wrong edit -2, restore +2   balance 2 -> 4
      CANIN365-D-39 @ E09.04     wrong edit -2, restore +2   balance 1 -> 3
      CANIN365-D-40 @ E09.04     wrong edit -2, restore +2   balance 2 -> 4
      CANIN365-D-41 @ E09.04     wrong edit -3, restore +3   balance 3 -> 6
      CANIN365-D-42 @ E09.04     wrong edit -3, restore +3   balance 3 -> 6
      CANIN365-D-43 @ E09.04     wrong edit -2, restore +2   balance 2 -> 4
      CANIN365-D-44 @ E09.04     wrong edit -2, restore +2   balance 2 -> 4
      CANIN365-N-38 @ E09.04     wrong edit -2, restore +2   balance 2 -> 4
      CANIN365-N-39 @ E09.04     wrong edit -2, restore +2   balance 2 -> 4
      CANIN365-N-40 @ E09.04     wrong edit -3, restore +3   balance 3 -> 6
      CANIN365-N-41 @ E09.04     wrong edit -2, restore +2   balance 2 -> 4
      CANIN365-N-42 @ E09.04     wrong edit -3, restore +3   balance 3 -> 6
      CANIN365-N-43 @ E09.04     wrong edit -2, restore +2   balance 2 -> 4
      CANIN365-N-44 @ E09.04     wrong edit -2, restore +2   balance 2 -> 4
      CANIN760-D-38 @ E23.03     wrong edit -2, restore +2   balance 2 -> 4
      CANIN760-D-40 @ E23.03     wrong edit -1, restore +1   balance 0 -> 1
      CANIN760-D-41 @ E23.03     wrong edit -1, restore +1   balance 1 -> 2
      CANIN760-D-42 @ E23.03     wrong edit -2, restore +2   balance 1 -> 3
      CANIN760-D-43 @ E23.03     wrong edit -1, restore +1   balance 1 -> 2
      CANIN760-D-44 @ E23.03     wrong edit -1, restore +1   balance 1 -> 2
      CANIN760-N-38 @ E23.03     wrong edit -2, restore +2   balance 2 -> 4
      CANIN760-N-39 @ E23.03     wrong edit -2, restore +2   balance 2 -> 4
      CANIN760-N-40 @ E23.03     wrong edit -3, restore +3   balance 3 -> 6
      CANIN760-N-41 @ E23.03     wrong edit -2, restore +2   balance 2 -> 4
      CANIN760-N-42 @ E23.03     wrong edit -2, restore +2   balance 2 -> 4
      CANIN760-N-43 @ E23.03     wrong edit -2, restore +2   balance 2 -> 4
      CANIN760-N-44 @ E23.03     wrong edit -2, restore +2   balance 2 -> 4
      CANIN761-D-38 @ E11.03     wrong edit -2, restore +2   balance 2 -> 4
      CANIN761-D-39 @ E11.03     wrong edit -2, restore +2   balance 2 -> 4
      CANIN761-D-40 @ E11.03     wrong edit -3, restore +3   balance 3 -> 6
      CANIN761-D-41 @ E11.03     wrong edit -1, restore +1   balance 1 -> 2
      CANIN761-D-42 @ E11.03     wrong edit -2, restore +2   balance 2 -> 4
      CANIN761-D-43 @ E11.03     wrong edit -1, restore +1   balance 1 -> 2
      CANIN761-D-44 @ E11.03     wrong edit -2, restore +2   balance 2 -> 4
      CANIN761-N-38 @ E11.03     wrong edit -2, restore +2   balance 2 -> 4
      CANIN761-N-39 @ E11.03     wrong edit -2, restore +2   balance 2 -> 4
      CANIN761-N-40 @ E11.03     wrong edit -2, restore +2   balance 2 -> 4
      CANIN761-N-41 @ E11.03     wrong edit -3, restore +3   balance 3 -> 6
      CANIN761-N-42 @ E11.03     wrong edit -3, restore +3   balance 3 -> 6
      CANIN761-N-43 @ E11.03     wrong edit -2, restore +2   balance 2 -> 4
      CANIN761-N-44 @ E11.03     wrong edit -2, restore +2   balance 2 -> 4
      CANIN762-D-38 @ E14.03     wrong edit -2, restore +2   balance 2 -> 4
      CANIN762-D-39 @ E14.03     wrong edit -2, restore +2   balance 2 -> 4
      CANIN762-D-40 @ E14.03     wrong edit -2, restore +2   balance 2 -> 4
      CANIN762-D-41 @ E14.03     wrong edit -3, restore +3   balance 3 -> 6
      CANIN762-D-42 @ E14.03     wrong edit -3, restore +3   balance 3 -> 6
      CANIN762-D-43 @ E14.03     wrong edit -2, restore +2   balance 2 -> 4
      CANIN762-D-44 @ E14.03     wrong edit -2, restore +2   balance 2 -> 4
      CANIN762-N-38 @ E14.03     wrong edit -2, restore +2   balance 2 -> 4
      CANIN762-N-39 @ E14.03     wrong edit -2, restore +2   balance 2 -> 4
      CANIN762-N-40 @ E14.03     wrong edit -3, restore +3   balance 3 -> 6
      CANIN762-N-41 @ E14.03     wrong edit -2, restore +2   balance 2 -> 4
      CANIN762-N-42 @ E14.03     wrong edit -3, restore +3   balance 3 -> 6
      CANIN762-N-43 @ E14.03     wrong edit -2, restore +2   balance 2 -> 4
      CANIN762-N-44 @ E14.03     wrong edit -2, restore +2   balance 2 -> 4
      CANMT1001-D-43 @ T35.03     wrong edit +2, restore -2   balance 1 -> -1
      CANNS502-D-38 @ T08.01     wrong edit +1, restore -1   balance 3 -> 2
      CANNS502-D-39 @ T08.01     wrong edit +2, restore -2   balance 5 -> 3
      CANNS502-D-40 @ T08.01     wrong edit +2, restore -2   balance 6 -> 4
      CANNS502-D-41 @ T08.01     wrong edit +1, restore -1   balance 6 -> 5
      CANNS502-D-42 @ T08.01     wrong edit +1, restore -1   balance 6 -> 5
      CANNS502-D-43 @ T08.01     wrong edit +1, restore -1   balance 4 -> 3
      CANNS502-D-44 @ T08.01     wrong edit +3, restore -3   balance 4 -> 1
      CANNS502-N-38 @ T08.01     wrong edit +2, restore -2   balance 3 -> 1
      CANNS502-N-39 @ T08.01     wrong edit +2, restore -2   balance 4 -> 2
      CANNS502-N-40 @ T08.01     wrong edit +3, restore -3   balance 6 -> 3
      CANNS502-N-41 @ T08.01     wrong edit +1, restore -1   balance 4 -> 3
      CANNS502-N-42 @ T08.01     wrong edit +2, restore -2   balance 5 -> 3
      CANNS502-N-43 @ T08.01     wrong edit +2, restore -2   balance 3 -> 1
      CANNS502-N-44 @ T08.01     wrong edit +3, restore -3   balance 4 -> 1
      CTH64875-D-44 @ E20.03     wrong edit +1, restore -1   balance 1 -> 0
      CTH64900-D-38 @ E32.01     wrong edit +2, restore -2   balance 2 -> 0
      CTH64912-D-40 @ E10.05     wrong edit +4, restore -4   balance 4 -> 0
      CTH64912-D-41 @ E10.05     wrong edit +4, restore -4   balance 4 -> 0
      CTH64912-N-38 @ E10.05     wrong edit +2, restore -2   balance 2 -> 0
      CTH64912-N-40 @ E10.05     wrong edit +3, restore -3   balance 3 -> 0
      DAT635-BO-42 @ T10.02     wrong edit +1, restore -1   balance 0 -> -1
      DD520        @ 999        wrong edit +62, restore -62   balance 56 -> -6
      DD795        @ 999        wrong edit +72, restore -72   balance 74 -> 2
      DNGU305-N-38 @ T04.06     wrong edit +2, restore -2   balance 2 -> 0
      DNGU3867-D-38 @ E31.01     wrong edit +2, restore -2   balance 1 -> -1
      DNGU3867-D-39 @ E31.01     wrong edit +1, restore -1   balance 2 -> 1
      DNGU3867-N-40 @ E31.01     wrong edit +1, restore -1   balance 1 -> 0
      DNGU3867-N-41 @ E31.01     wrong edit +1, restore -1   balance 1 -> 0
      DNGU3874-D-39 @ E24.02     wrong edit +2, restore -2   balance 2 -> 0
      DNGU3874-N-38 @ E24.02     wrong edit +2, restore -2   balance 2 -> 0
      DNGU3874-N-39 @ E24.02     wrong edit +2, restore -2   balance 2 -> 0
      DNGU3874-N-42 @ E24.02     wrong edit +1, restore -1   balance 1 -> 0
      DNGU706-N-42 @ T15.05     wrong edit +1, restore -1   balance 1 -> 0
      DNGU706-N-44 @ T15.05     wrong edit +2, restore -2   balance 2 -> 0
      DNGU707-D-42 @ T18.05     wrong edit +1, restore -1   balance 1 -> 0
      DNGU707-N-38 @ T18.05     wrong edit +1, restore -1   balance 1 -> 0
      DNGUAB061-D-39 @ T16.04     wrong edit -2, restore +2   balance 2 -> 4
      DNGUAB061-D-40 @ T16.04     wrong edit -3, restore +3   balance 3 -> 6
      DNGUAB061-D-41 @ T16.04     wrong edit -2, restore +2   balance 2 -> 4
      DNGUAB061-D-42 @ T16.04     wrong edit -3, restore +3   balance 3 -> 6
      DNGUAB061-D-43 @ T16.04     wrong edit -2, restore +2   balance 2 -> 4
      DNGUAB061-D-44 @ T16.04     wrong edit -2, restore +2   balance 2 -> 4
      DNGUAB061-N-39 @ T16.04     wrong edit -2, restore +2   balance 2 -> 4
      DNGUAB061-N-40 @ T16.04     wrong edit -2, restore +2   balance 2 -> 4
      DNGUAB061-N-41 @ T16.04     wrong edit -3, restore +3   balance 3 -> 6
      DNGUAB061-N-42 @ T16.04     wrong edit -3, restore +3   balance 3 -> 6
      DNGUAB061-N-43 @ T16.04     wrong edit -2, restore +2   balance 2 -> 4
      DNGUAB061-N-44 @ T16.04     wrong edit -2, restore +2   balance 2 -> 4
      DNGUAB062-D-39 @ T28.04     wrong edit -2, restore +2   balance 2 -> 4
      DNGUAB062-D-40 @ T28.04     wrong edit -3, restore +3   balance 3 -> 6
      DNGUAB062-D-41 @ T28.04     wrong edit -2, restore +2   balance 1 -> 3
      DNGUAB062-D-42 @ T28.04     wrong edit -3, restore +3   balance 3 -> 6
      DNGUAB062-D-43 @ T28.04     wrong edit -2, restore +2   balance 2 -> 4
      DNGUAB062-D-44 @ T28.04     wrong edit -2, restore +2   balance 2 -> 4
      DNGUAB062-N-39 @ T28.04     wrong edit -2, restore +2   balance 1 -> 3
      DNGUAB062-N-40 @ T28.04     wrong edit -2, restore +2   balance 2 -> 4
      DNGUAB062-N-41 @ T28.04     wrong edit -3, restore +3   balance 3 -> 6
      DNGUAB062-N-42 @ T28.04     wrong edit -3, restore +3   balance 3 -> 6
      DNGUAB062-N-43 @ T28.04     wrong edit -2, restore +2   balance 2 -> 4
      DNGUAB062-N-44 @ T28.04     wrong edit -2, restore +2   balance 2 -> 4
      DNGUAB063-D-39 @ T31.05     wrong edit -2, restore +2   balance 2 -> 4
      DNGUAB063-D-40 @ T31.05     wrong edit -2, restore +2   balance 2 -> 4
      DNGUAB063-D-41 @ T31.05     wrong edit -3, restore +3   balance 3 -> 6
      DNGUAB063-D-42 @ T31.05     wrong edit -3, restore +3   balance 3 -> 6
      DNGUAB063-D-43 @ T31.05     wrong edit -2, restore +2   balance 2 -> 4
      DNGUAB063-D-44 @ T31.05     wrong edit -2, restore +2   balance 2 -> 4
      DNGUAB063-N-39 @ T31.05     wrong edit -2, restore +2   balance 2 -> 4
      DNGUAB063-N-40 @ T31.05     wrong edit -3, restore +3   balance 3 -> 6
      DNGUAB063-N-41 @ T31.05     wrong edit -2, restore +2   balance 2 -> 4
      DNGUAB063-N-42 @ T31.05     wrong edit -3, restore +3   balance 3 -> 6
      DNGUAB063-N-43 @ T31.05     wrong edit -2, restore +2   balance 2 -> 4
      DNGUAB063-N-44 @ T31.05     wrong edit -2, restore +2   balance 2 -> 4
      DNGUAB064-D-39 @ T34.05     wrong edit -2, restore +2   balance 2 -> 4
      DNGUAB064-D-40 @ T34.05     wrong edit -2, restore +2   balance 2 -> 4
      DNGUAB064-D-41 @ T34.05     wrong edit -3, restore +3   balance 3 -> 6
      DNGUAB064-D-42 @ T34.05     wrong edit -3, restore +3   balance 3 -> 6
      DNGUAB064-D-43 @ T34.05     wrong edit -2, restore +2   balance 2 -> 4
      DNGUAB064-D-44 @ T34.05     wrong edit -2, restore +2   balance 2 -> 4
      DNGUAB064-N-39 @ T34.05     wrong edit -2, restore +2   balance 2 -> 4
      DNGUAB064-N-40 @ T34.05     wrong edit -3, restore +3   balance 3 -> 6
      DNGUAB064-N-41 @ T34.05     wrong edit -2, restore +2   balance 2 -> 4
      DNGUAB064-N-42 @ T34.05     wrong edit -3, restore +3   balance 3 -> 6
      DNGUAB064-N-43 @ T34.05     wrong edit -2, restore +2   balance 2 -> 4
      DNGUAB064-N-44 @ T34.05     wrong edit -2, restore +2   balance 2 -> 4
      DNGUAB065-D-39 @ T33.05     wrong edit -2, restore +2   balance 1 -> 3
      DNGUAB065-D-40 @ T33.05     wrong edit -2, restore +2   balance 2 -> 4
      DNGUAB065-D-41 @ T33.05     wrong edit -3, restore +3   balance 3 -> 6
      DNGUAB065-D-42 @ T33.05     wrong edit -3, restore +3   balance 3 -> 6
      DNGUAB065-D-43 @ T33.05     wrong edit -2, restore +2   balance 2 -> 4
      DNGUAB065-D-44 @ T33.05     wrong edit -2, restore +2   balance 2 -> 4
      DNGUAB065-N-39 @ T33.05     wrong edit -2, restore +2   balance 2 -> 4
      DNGUAB065-N-40 @ T33.05     wrong edit -3, restore +3   balance 3 -> 6
      DNGUAB065-N-41 @ T33.05     wrong edit -2, restore +2   balance 2 -> 4
      DNGUAB065-N-42 @ T33.05     wrong edit -3, restore +3   balance 3 -> 6
      DNGUAB065-N-43 @ T33.05     wrong edit -2, restore +2   balance 2 -> 4
      DNGUAB065-N-44 @ T33.05     wrong edit -2, restore +2   balance 2 -> 4
      DNGUAB066-D-38 @ T14.05     wrong edit -2, restore +2   balance 2 -> 4
      DNGUAB066-D-39 @ T14.05     wrong edit -2, restore +2   balance 2 -> 4
      DNGUAB066-D-40 @ T14.05     wrong edit -2, restore +2   balance 2 -> 4
      DNGUAB066-D-41 @ T14.05     wrong edit -3, restore +3   balance 3 -> 6
      DNGUAB066-D-42 @ T14.05     wrong edit -3, restore +3   balance 3 -> 6
      DNGUAB066-D-43 @ T14.05     wrong edit -2, restore +2   balance 2 -> 4
      DNGUAB066-D-44 @ T14.05     wrong edit -2, restore +2   balance 2 -> 4
      DNGUAB066-N-38 @ T14.05     wrong edit -2, restore +2   balance 2 -> 4
      DNGUAB066-N-39 @ T14.05     wrong edit -2, restore +2   balance 2 -> 4
      DNGUAB066-N-40 @ T14.05     wrong edit -3, restore +3   balance 3 -> 6
      DNGUAB066-N-41 @ T14.05     wrong edit -2, restore +2   balance 2 -> 4
      DNGUAB066-N-42 @ T14.05     wrong edit -3, restore +3   balance 3 -> 6
      DNGUAB066-N-43 @ T14.05     wrong edit -2, restore +2   balance 2 -> 4
      DNGUAB066-N-44 @ T14.05     wrong edit -2, restore +2   balance 2 -> 4
      DNGUAB104-D-35 @ C07.01     wrong edit -1, restore +1   balance 0 -> 1
      DNGUAB104-D-39 @ C07.01     wrong edit -1, restore +1   balance 1 -> 2
      DNGUAB187-N-38 @ A06.06     wrong edit -1, restore +1   balance 2 -> 3
      DUG02223-D-39 @ T17.03     wrong edit -2, restore +2   balance 2 -> 4
      DUG02223-D-40 @ T17.03     wrong edit -2, restore +2   balance 2 -> 4
      DUG02223-D-41 @ T17.03     wrong edit -1, restore +1   balance 1 -> 2
      DUG02223-D-42 @ T17.03     wrong edit -3, restore +3   balance 2 -> 5
      DUG02223-D-43 @ T17.03     wrong edit -3, restore +3   balance 3 -> 6
      DUG02223-D-44 @ T17.03     wrong edit -1, restore +1   balance 1 -> 2
      DUG02223-N-39 @ T17.03     wrong edit -2, restore +2   balance 2 -> 4
      DUG02223-N-40 @ T17.03     wrong edit -1, restore +1   balance 2 -> 3
      DUG02223-N-41 @ T17.03     wrong edit -3, restore +3   balance 3 -> 6
      DUG02223-N-42 @ T17.03     wrong edit -3, restore +3   balance 3 -> 6
      DUG02223-N-43 @ T17.03     wrong edit -3, restore +3   balance 3 -> 6
      DUG02223-N-44 @ T17.03     wrong edit -2, restore +2   balance 2 -> 4
      DUG1225-X-38 @ Y23.04     wrong edit -2, restore +2   balance 2 -> 4
      DUG13358-D-38 @ T27.02     wrong edit -2, restore +2   balance 2 -> 4
      DUG13358-D-39 @ T27.02     wrong edit -2, restore +2   balance 2 -> 4
      DUG13358-D-40 @ T27.02     wrong edit -3, restore +3   balance 3 -> 6
      DUG13358-D-41 @ T27.02     wrong edit -4, restore +4   balance 4 -> 8
      DUG13358-D-42 @ T27.02     wrong edit -1, restore +1   balance 1 -> 2
      DUG13358-D-43 @ T27.02     wrong edit -2, restore +2   balance 1 -> 3
      DUG13358-D-44 @ T27.02     wrong edit -2, restore +2   balance 2 -> 4
      DUG13358-N-38 @ T27.02     wrong edit -2, restore +2   balance 2 -> 4
      DUG13358-N-39 @ T27.02     wrong edit -3, restore +3   balance 3 -> 6
      DUG13358-N-40 @ T27.02     wrong edit -3, restore +3   balance 3 -> 6
      DUG13358-N-41 @ T27.02     wrong edit -3, restore +3   balance 3 -> 6
      DUG13358-N-42 @ T27.02     wrong edit -3, restore +3   balance 3 -> 6
      DUG13358-N-43 @ T27.02     wrong edit -3, restore +3   balance 3 -> 6
      DUG13358-N-44 @ T27.02     wrong edit -2, restore +2   balance 1 -> 3
      DUG23360-D-38 @ T36.03     wrong edit -2, restore +2   balance 1 -> 3
      DUG23360-D-39 @ T36.03     wrong edit -1, restore +1   balance 1 -> 2
      DUG23360-D-40 @ T36.03     wrong edit -3, restore +3   balance 3 -> 6
      DUG23360-D-41 @ T36.03     wrong edit -4, restore +4   balance 3 -> 7
      DUG23360-D-42 @ T36.03     wrong edit -3, restore +3   balance 2 -> 5
      DUG23360-D-43 @ T36.03     wrong edit -1, restore +1   balance 0 -> 1
      DUG23360-D-44 @ T36.03     wrong edit -1, restore +1   balance 1 -> 2
      DUG23360-N-38 @ T36.03     wrong edit -2, restore +2   balance 2 -> 4
      DUG23360-N-39 @ T36.03     wrong edit -2, restore +2   balance 2 -> 4
      DUG23360-N-40 @ T36.03     wrong edit -2, restore +2   balance 2 -> 4
      DUG23360-N-41 @ T36.03     wrong edit -2, restore +2   balance 2 -> 4
      DUG23360-N-42 @ T36.03     wrong edit -2, restore +2   balance 2 -> 4
      DUG23360-N-43 @ T36.03     wrong edit -2, restore +2   balance 2 -> 4
      DUG23360-N-44 @ T36.03     wrong edit -1, restore +1   balance 1 -> 2
      DUG32501-D-38 @ Y03.01     wrong edit -2, restore +2   balance 2 -> 4
      DUG32501-D-39 @ Y03.01     wrong edit -3, restore +3   balance 3 -> 6
      DUG32501-D-40 @ Y03.01     wrong edit -5, restore +5   balance 4 -> 9
      DUG32501-D-41 @ Y03.01     wrong edit -3, restore +3   balance 3 -> 6
      DUG32501-D-42 @ Y03.01     wrong edit -4, restore +4   balance 4 -> 8
      DUG32501-N-38 @ Y03.01     wrong edit -2, restore +2   balance 2 -> 4
      DUG32501-N-39 @ Y03.01     wrong edit -3, restore +3   balance 3 -> 6
      DUG32501-N-41 @ Y03.01     wrong edit -5, restore +5   balance 5 -> 10
      DUGES2276-D-42 @ T41.04     wrong edit +1, restore -1   balance 0 -> -1
      DUGL928-BO-38 @ Y04.02     wrong edit -2, restore +2   balance 2 -> 4
      DUGL928-BO-39 @ Y04.02     wrong edit -2, restore +2   balance 1 -> 3
      DUGL928-BO-40 @ Y04.02     wrong edit -3, restore +3   balance 3 -> 6
      DUGL928-BO-41 @ Y04.02     wrong edit -4, restore +4   balance 3 -> 7
      DUGL928-BO-42 @ Y04.02     wrong edit -3, restore +3   balance 2 -> 5
      DUGL928-BO-43 @ Y04.02     wrong edit -3, restore +3   balance 3 -> 6
      DUGL928-BO-44 @ Y04.02     wrong edit -1, restore +1   balance 1 -> 2
      DUGL928-X-38 @ Y04.02     wrong edit -1, restore +1   balance 1 -> 2
      DUGL928-X-39 @ Y04.02     wrong edit -3, restore +3   balance 3 -> 6
      DUGL928-X-40 @ Y04.02     wrong edit -2, restore +2   balance 2 -> 4
      DUGL928-X-41 @ Y04.02     wrong edit -3, restore +3   balance 2 -> 5
      DUGL928-X-42 @ Y04.02     wrong edit -3, restore +3   balance 3 -> 6
      DUGL928-X-43 @ Y04.02     wrong edit -1, restore +1   balance 1 -> 2
      DUGL928-X-44 @ Y04.02     wrong edit -2, restore +2   balance 2 -> 4
      HHB230-GG-46 @ T22.01     wrong edit +1, restore -1   balance 1 -> 0
      HHB2924-BO-35 @ A06.03     wrong edit +1, restore -1   balance 1 -> 0
      HHB2924-D-35 @ A06.03     wrong edit +1, restore -1   balance 1 -> 0
      HHB2924-D-36 @ A06.03     wrong edit +1, restore -1   balance 1 -> 0
      HHB2924-D-37 @ A06.03     wrong edit +1, restore -1   balance 1 -> 0
      HHB2924-D-38 @ A06.03     wrong edit +2, restore -2   balance 2 -> 0
      HHB2924-D-39 @ A06.03     wrong edit +2, restore -2   balance 2 -> 0
      HHB2935-D-38 @ A15.04     wrong edit +2, restore -2   balance 1 -> -1
      HHB2959-BO-35 @ A08.03     wrong edit -2, restore +2   balance 2 -> 4
      HHB2959-BO-36 @ A08.03     wrong edit -3, restore +3   balance 3 -> 6
      HHB2959-BO-37 @ A08.03     wrong edit -2, restore +2   balance 2 -> 4
      HHB2959-BO-38 @ A08.03     wrong edit -3, restore +3   balance 3 -> 6
      HHB2959-BO-39 @ A08.03     wrong edit -2, restore +2   balance 2 -> 4
      HHB2959-D-35 @ A08.03     wrong edit -2, restore +2   balance 2 -> 4
      HHB2959-D-36 @ A08.03     wrong edit -2, restore +2   balance 2 -> 4
      HHB2959-D-37 @ A08.03     wrong edit -3, restore +3   balance 3 -> 6
      HHB2959-D-38 @ A08.03     wrong edit -3, restore +3   balance 3 -> 6
      HHB2959-D-39 @ A08.03     wrong edit -2, restore +2   balance 1 -> 3
      HHB2961-BO-35 @ A03.01     wrong edit -2, restore +2   balance 2 -> 4
      HHB2961-BO-36 @ A03.01     wrong edit -3, restore +3   balance 3 -> 6
      HHB2961-BO-37 @ A03.01     wrong edit -2, restore +2   balance 2 -> 4
      HHB2961-BO-38 @ A03.01     wrong edit -3, restore +3   balance 3 -> 6
      HHB2961-BO-39 @ A03.01     wrong edit -2, restore +2   balance 2 -> 4
      HHB2961-D-35 @ A03.01     wrong edit -2, restore +2   balance 2 -> 4
      HHB2961-D-36 @ A03.01     wrong edit -2, restore +2   balance 2 -> 4
      HHB2961-D-37 @ A03.01     wrong edit -3, restore +3   balance 3 -> 6
      HHB2961-D-38 @ A03.01     wrong edit -3, restore +3   balance 3 -> 6
      HHB2961-D-39 @ A03.01     wrong edit -2, restore +2   balance 2 -> 4
      HHD957-BO-40 @ B19.04     wrong edit +1, restore -1   balance 1 -> 0
      HHD957-D-40  @ B19.04     wrong edit +1, restore -1   balance 1 -> 0
      HHD965-D-35  @ Q20.03     wrong edit +2, restore -2   balance 1 -> -1
      HHD965-D-36  @ Q20.03     wrong edit +1, restore -1   balance 1 -> 0
      HHD965-D-37  @ Q20.03     wrong edit +1, restore -1   balance 2 -> 1
      HHD965-D-38  @ Q20.03     wrong edit +1, restore -1   balance 1 -> 0
      HHD965-D-39  @ Q20.03     wrong edit +2, restore -2   balance 1 -> -1
      HHD965-D-40  @ Q20.03     wrong edit +1, restore -1   balance 0 -> -1
      HHD965-K-38  @ Q20.03     wrong edit +2, restore -2   balance 2 -> 0
      HHD965-K-39  @ Q20.03     wrong edit +2, restore -2   balance 2 -> 0
      HHD965-K-40  @ Q20.03     wrong edit +1, restore -1   balance 1 -> 0
      HHD980-BO-35 @ A15.01     wrong edit -1, restore +1   balance 1 -> 2
      HHD980-BO-36 @ A15.01     wrong edit -3, restore +3   balance 3 -> 6
      HHD980-BO-37 @ A15.01     wrong edit -2, restore +2   balance 1 -> 3
      HHD980-BO-38 @ A15.01     wrong edit -3, restore +3   balance 3 -> 6
      HHD980-BO-39 @ A15.01     wrong edit -2, restore +2   balance 2 -> 4
      HHD980-D-35  @ A15.01     wrong edit -1, restore +1   balance 1 -> 2
      HHD980-D-36  @ A15.01     wrong edit -2, restore +2   balance 2 -> 4
      HHD980-D-37  @ A15.01     wrong edit -3, restore +3   balance 3 -> 6
      HHD980-D-38  @ A15.01     wrong edit -3, restore +3   balance 3 -> 6
      HHD980-D-39  @ A15.01     wrong edit -2, restore +2   balance 2 -> 4
      HHDM316-D-36 @ Q22.01     wrong edit +3, restore -3   balance 3 -> 0
      HHDM316-D-37 @ Q22.01     wrong edit +4, restore -4   balance 3 -> -1
      HHDM316-D-38 @ Q22.01     wrong edit +3, restore -3   balance 3 -> 0
      HHDM316-D-39 @ Q22.01     wrong edit +1, restore -1   balance 2 -> 1
      HHK4561-BO-35 @ B08.05     wrong edit -2, restore +2   balance 2 -> 4
      HHK4561-BO-36 @ B08.05     wrong edit -2, restore +2   balance 1 -> 3
      HHK4561-BO-37 @ B08.05     wrong edit -3, restore +3   balance 3 -> 6
      HHK4561-BO-38 @ B08.05     wrong edit -2, restore +2   balance 2 -> 4
      HHK4561-BO-39 @ B08.05     wrong edit -2, restore +2   balance 2 -> 4
      HHK4561-D-35 @ B08.05     wrong edit -2, restore +2   balance 2 -> 4
      HHK4561-D-36 @ B08.05     wrong edit -2, restore +2   balance 2 -> 4
      HHK4561-D-37 @ B08.05     wrong edit -2, restore +2   balance 2 -> 4
      HHK4561-D-38 @ B08.05     wrong edit -3, restore +3   balance 3 -> 6
      HHK4561-D-39 @ B08.05     wrong edit -2, restore +2   balance 2 -> 4
      HHM2756-D-35 @ B32.02     wrong edit +2, restore -2   balance 2 -> 0
      HHM2756-D-36 @ B32.02     wrong edit +2, restore -2   balance 3 -> 1
      HHM2756-D-37 @ B32.02     wrong edit +2, restore -2   balance 1 -> -1
      HHM2756-D-38 @ B32.02     wrong edit +1, restore -1   balance 1 -> 0
      HHM2756-D-39 @ B32.02     wrong edit +1, restore -1   balance 1 -> 0
      HHM2756-D-40 @ B32.02     wrong edit +2, restore -2   balance 1 -> -1
      HHM2756-K-39 @ B32.02     wrong edit +2, restore -2   balance 2 -> 0
      HHM381-D-37  @ Q09.05     wrong edit +3, restore -3   balance 3 -> 0
      HHM390-BO-35 @ B02.06     wrong edit +2, restore -2   balance 2 -> 0
      HHM390-BO-40 @ B02.06     wrong edit +2, restore -2   balance 2 -> 0
      HHM390-D-35  @ B02.06     wrong edit +2, restore -2   balance 2 -> 0
      HHM390-D-37  @ B02.06     wrong edit +5, restore -5   balance 5 -> 0
      HHM390-D-38  @ B02.06     wrong edit +4, restore -4   balance 4 -> 0
      HHM390-D-39  @ B02.06     wrong edit +2, restore -2   balance 2 -> 0
      HHM5584-D-39 @ E07.05     wrong edit -2, restore +2   balance 2 -> 4
      HHM5584-D-40 @ E07.05     wrong edit -2, restore +2   balance 2 -> 4
      HHM5584-D-41 @ E07.05     wrong edit -3, restore +3   balance 3 -> 6
      HHM5584-D-42 @ E07.05     wrong edit -2, restore +2   balance 2 -> 4
      HHM5584-D-43 @ E07.05     wrong edit -2, restore +2   balance 2 -> 4
      HHM5584-D-44 @ E07.05     wrong edit -2, restore +2   balance 2 -> 4
      HHM5584-D-45 @ E07.05     wrong edit -1, restore +1   balance 1 -> 2
      HHM5584-D-46 @ E07.05     wrong edit -1, restore +1   balance 1 -> 2
      HHM5584-GG-39 @ E07.05     wrong edit -2, restore +2   balance 2 -> 4
      HHM5584-GG-40 @ E07.05     wrong edit -3, restore +3   balance 3 -> 6
      HHM5584-GG-41 @ E07.05     wrong edit -2, restore +2   balance 2 -> 4
      HHM5584-GG-42 @ E07.05     wrong edit -2, restore +2   balance 2 -> 4
      HHM5584-GG-43 @ E07.05     wrong edit -2, restore +2   balance 2 -> 4
      HHM5584-GG-44 @ E07.05     wrong edit -2, restore +2   balance 2 -> 4
      HHM5584-GG-45 @ E07.05     wrong edit -1, restore +1   balance 1 -> 2
      HHM5584-GG-46 @ E07.05     wrong edit -1, restore +1   balance 1 -> 2
      HO102-D-38   @ E03.02     wrong edit +2, restore -2   balance 2 -> 0
      HO102-D-39   @ E03.02     wrong edit +2, restore -2   balance 2 -> 0
      HO103-D-39   @ E21.02     wrong edit +2, restore -2   balance 2 -> 0
      HO103-D-41   @ E21.02     wrong edit +4, restore -4   balance 4 -> 0
      HO103-D-42   @ E21.02     wrong edit +2, restore -2   balance 2 -> 0
      HO103-N-44   @ E21.02     wrong edit +1, restore -1   balance 1 -> 0
      HO113-D-38   @ E24.06     wrong edit +2, restore -2   balance 2 -> 0
      HO113-D-39   @ E24.06     wrong edit +4, restore -4   balance 4 -> 0
      HO129-D-39   @ E17.03     wrong edit -2, restore +2   balance 1 -> 3
      HO129-D-40   @ E17.03     wrong edit -2, restore +2   balance 2 -> 4
      HO129-D-41   @ E17.03     wrong edit -3, restore +3   balance 3 -> 6
      HO129-D-42   @ E17.03     wrong edit -3, restore +3   balance 3 -> 6
      HO129-D-43   @ E17.03     wrong edit -2, restore +2   balance 2 -> 4
      HO129-D-44   @ E17.03     wrong edit -2, restore +2   balance 2 -> 4
      HO2216-N-38  @ E30.05     wrong edit +1, restore -1   balance 1 -> 0
      HO223-D-38   @ T12.05     wrong edit -1, restore +1   balance 1 -> 2
      HO223-D-39   @ T12.05     wrong edit -2, restore +2   balance 2 -> 4
      HO223-D-40   @ T12.05     wrong edit -2, restore +2   balance 2 -> 4
      HO223-D-41   @ T12.05     wrong edit -1, restore +1   balance 1 -> 2
      HO223-D-42   @ T12.05     wrong edit -3, restore +3   balance 3 -> 6
      HO223-D-43   @ T12.05     wrong edit -2, restore +2   balance 2 -> 4
      HO223-D-44   @ T12.05     wrong edit -2, restore +2   balance 2 -> 4
      HO223-N-38   @ T12.05     wrong edit -2, restore +2   balance 2 -> 4
      HO223-N-39   @ T12.05     wrong edit -3, restore +3   balance 3 -> 6
      HO223-N-40   @ T12.05     wrong edit -2, restore +2   balance 2 -> 4
      HO223-N-41   @ T12.05     wrong edit -3, restore +3   balance 3 -> 6
      HO223-N-42   @ T12.05     wrong edit -3, restore +3   balance 3 -> 6
      HO223-N-43   @ T12.05     wrong edit -2, restore +2   balance 2 -> 4
      HO223-N-44   @ T12.05     wrong edit -2, restore +2   balance 2 -> 4
      HO257-D-38   @ E06.01     wrong edit -2, restore +2   balance 2 -> 4
      HO257-D-39   @ E06.01     wrong edit -2, restore +2   balance 2 -> 4
      HO257-D-40   @ E06.01     wrong edit -1, restore +1   balance 1 -> 2
      HO257-D-41   @ E06.01     wrong edit -3, restore +3   balance 3 -> 6
      HO257-D-42   @ E06.01     wrong edit -2, restore +2   balance 2 -> 4
      HO257-D-43   @ E06.01     wrong edit -2, restore +2   balance 2 -> 4
      HO257-D-44   @ E06.01     wrong edit -2, restore +2   balance 2 -> 4
      HO552-D-38   @ E02.05     wrong edit -1, restore +1   balance 1 -> 2
      HO552-D-39   @ E02.05     wrong edit -1, restore +1   balance 1 -> 2
      HO552-D-40   @ E02.05     wrong edit -1, restore +1   balance 1 -> 2
      HO552-D-41   @ E02.05     wrong edit -3, restore +3   balance 3 -> 6
      HO552-D-42   @ E02.05     wrong edit -3, restore +3   balance 2 -> 5
      HO552-D-43   @ E02.05     wrong edit -2, restore +2   balance 2 -> 4
      HO552-D-44   @ E02.05     wrong edit -2, restore +2   balance 2 -> 4
      HO552-N-38   @ E02.05     wrong edit -2, restore +2   balance 2 -> 4
      HO552-N-39   @ E02.05     wrong edit -2, restore +2   balance 2 -> 4
      HO552-N-40   @ E02.05     wrong edit -3, restore +3   balance 3 -> 6
      HO552-N-41   @ E02.05     wrong edit -1, restore +1   balance 1 -> 2
      HO552-N-42   @ E02.05     wrong edit -3, restore +3   balance 3 -> 6
      HO552-N-43   @ E02.05     wrong edit -2, restore +2   balance 2 -> 4
      HO552-N-44   @ E02.05     wrong edit -2, restore +2   balance 2 -> 4
      HO655-D-39   @ E16.05     wrong edit +3, restore -3   balance 3 -> 0
      HO655-D-40   @ E16.05     wrong edit +4, restore -4   balance 4 -> 0
      HO655-N-38   @ E16.05     wrong edit +1, restore -1   balance 1 -> 0
      HO655-N-40   @ E16.05     wrong edit +1, restore -1   balance 1 -> 0
      HO655-N-41   @ E16.05     wrong edit +2, restore -2   balance 2 -> 0
      HO655-N-44   @ E16.05     wrong edit +2, restore -2   balance 1 -> -1
      HPH1655-D-36 @ Q29.02     wrong edit +1, restore -1   balance 0 -> -1
      HPHKQ38-D-38 @ E20.02     wrong edit +1, restore -1   balance 1 -> 0
      HPHKQ38-D-39 @ E20.02     wrong edit +1, restore -1   balance 1 -> 0
      HPHKQ38-N-38 @ E20.02     wrong edit +1, restore -1   balance 1 -> 0
      HPHKQ38-N-39 @ E20.02     wrong edit +2, restore -2   balance 2 -> 0
      HPHKQ38-R-38 @ E20.02     wrong edit +1, restore -1   balance 1 -> 0
      HPHKQ38-R-39 @ E20.02     wrong edit +3, restore -3   balance 3 -> 0
      HPHKQ38-R-40 @ E20.02     wrong edit +2, restore -2   balance 2 -> 0
      HPHMT0243-D-38 @ Q09.02     wrong edit +2, restore -2   balance 1 -> -1
      HPHMT0243-D-39 @ Q09.02     wrong edit +2, restore -2   balance 2 -> 0
      HPHMT0243-K-37 @ Q09.02     wrong edit +2, restore -2   balance 2 -> 0
      HPHMT0243-K-39 @ Q09.02     wrong edit +1, restore -1   balance 1 -> 0
      HPHMT286-BO-35 @ Q13.02     wrong edit +2, restore -2   balance 2 -> 0
      HPHMT286-BO-37 @ Q13.02     wrong edit +2, restore -2   balance 1 -> -1
      HPHMT286-BO-38 @ Q13.02     wrong edit +4, restore -4   balance 4 -> 0
      HPHMT286-BO-39 @ Q13.02     wrong edit +2, restore -2   balance 2 -> 0
      HPHMT286-D-35 @ Q13.02     wrong edit +2, restore -2   balance 2 -> 0
      HPHMT286-D-38 @ Q13.02     wrong edit +4, restore -4   balance 3 -> -1
      HPHMT286-D-39 @ Q13.02     wrong edit +2, restore -2   balance 2 -> 0
      HPHSR105-D-37 @ Q17.04     wrong edit +3, restore -3   balance 3 -> 0
      HPHSR105-K-39 @ Q17.04     wrong edit +1, restore -1   balance 1 -> 0
      HPHVO112-N-38 @ E11.05     wrong edit +2, restore -2   balance 2 -> 0
      HPHVO112-R-42 @ E11.05     wrong edit +3, restore -3   balance 3 -> 0
      HQSAZ125-D-35 @ A16.01     wrong edit -2, restore +2   balance 2 -> 4
      HQSAZ125-D-36 @ A16.01     wrong edit -2, restore +2   balance 2 -> 4
      HQSAZ125-D-37 @ A16.01     wrong edit -3, restore +3   balance 3 -> 6
      HQSAZ125-D-38 @ A16.01     wrong edit -3, restore +3   balance 3 -> 6
      HQSAZ125-D-39 @ A16.01     wrong edit -2, restore +2   balance 2 -> 4
      HQSAZ125-K-35 @ A16.01     wrong edit -2, restore +2   balance 2 -> 4
      HQSAZ125-K-36 @ A16.01     wrong edit -3, restore +3   balance 3 -> 6
      HQSAZ125-K-37 @ A16.01     wrong edit -2, restore +2   balance 2 -> 4
      HQSAZ125-K-38 @ A16.01     wrong edit -3, restore +3   balance 3 -> 6
      HQSAZ125-K-39 @ A16.01     wrong edit -2, restore +2   balance 2 -> 4
      HQSAZ127-D-35 @ B28.04     wrong edit -2, restore +2   balance 2 -> 4
      HQSAZ127-D-36 @ B28.04     wrong edit -2, restore +2   balance 2 -> 4
      HQSAZ127-D-37 @ B28.04     wrong edit -3, restore +3   balance 3 -> 6
      HQSAZ127-D-38 @ B28.04     wrong edit -3, restore +3   balance 3 -> 6
      HQSAZ127-D-39 @ B28.04     wrong edit -2, restore +2   balance 2 -> 4
      HQSAZ127-K-35 @ B28.04     wrong edit -2, restore +2   balance 2 -> 4
      HQSAZ127-K-36 @ B28.04     wrong edit -3, restore +3   balance 3 -> 6
      HQSAZ127-K-37 @ B28.04     wrong edit -2, restore +2   balance 2 -> 4
      HQSAZ127-K-38 @ B28.04     wrong edit -3, restore +3   balance 3 -> 6
      HQSAZ127-K-39 @ B28.04     wrong edit -2, restore +2   balance 2 -> 4
      HQSAZ137-D-35 @ A09.01     wrong edit -1, restore +1   balance 1 -> 2
      HQSAZ137-D-36 @ A09.01     wrong edit -3, restore +3   balance 3 -> 6
      HQSAZ137-D-37 @ A09.01     wrong edit -2, restore +2   balance 2 -> 4
      HQSAZ137-D-38 @ A09.01     wrong edit -2, restore +2   balance 3 -> 5
      HQSAZ137-D-39 @ A09.01     wrong edit -2, restore +2   balance 1 -> 3
      HQSAZ137-K-35 @ A09.01     wrong edit -2, restore +2   balance 2 -> 4
      HQSAZ137-K-36 @ A09.01     wrong edit -2, restore +2   balance 3 -> 5
      HQSAZ137-K-37 @ A09.01     wrong edit -3, restore +3   balance 2 -> 5
      HQSAZ137-K-38 @ A09.01     wrong edit -3, restore +3   balance 3 -> 6
      HQSAZ137-K-39 @ A09.01     wrong edit -2, restore +2   balance 2 -> 4
      KIEU1005-D-36 @ A14.01     wrong edit +1, restore -1   balance 1 -> 0
      KIEU1005-TR-35 @ A14.01     wrong edit +2, restore -2   balance 2 -> 0
      KIEU1005-TR-37 @ A14.01     wrong edit +2, restore -2   balance 1 -> -1
      KIEU1005-TR-39 @ A14.01     wrong edit +2, restore -2   balance 1 -> -1
      KIEU1010-D-35 @ B05.01     wrong edit -3, restore +3   balance 3 -> 6
      KIEU1010-D-36 @ B05.01     wrong edit -3, restore +3   balance 3 -> 6
      KIEU1010-D-37 @ B05.01     wrong edit -3, restore +3   balance 3 -> 6
      KIEU1010-D-38 @ B05.01     wrong edit -3, restore +3   balance 2 -> 5
      KIEU1010-D-39 @ B05.01     wrong edit -3, restore +3   balance 3 -> 6
      KIEU1010-K-35 @ B05.01     wrong edit -2, restore +2   balance 2 -> 4
      KIEU1010-K-36 @ B05.01     wrong edit -2, restore +2   balance 1 -> 3
      KIEU1010-K-37 @ B05.01     wrong edit -1, restore +1   balance 1 -> 2
      KIEU1010-K-38 @ B05.01     wrong edit -3, restore +3   balance 3 -> 6
      KIEU1010-K-39 @ B05.01     wrong edit -2, restore +2   balance 2 -> 4
      KIEU1011-D-35 @ B09.04     wrong edit -2, restore +2   balance 2 -> 4
      KIEU1011-D-36 @ B09.04     wrong edit -3, restore +3   balance 4 -> 7
      KIEU1011-D-37 @ B09.04     wrong edit -3, restore +3   balance 3 -> 6
      KIEU1011-D-38 @ B09.04     wrong edit -3, restore +3   balance 3 -> 6
      KIEU1011-D-39 @ B09.04     wrong edit -2, restore +2   balance 2 -> 4
      KIEU1011-N-35 @ B09.04     wrong edit -2, restore +2   balance 1 -> 3
      KIEU1011-N-36 @ B09.04     wrong edit -4, restore +4   balance 4 -> 8
      KIEU1011-N-37 @ B09.04     wrong edit -3, restore +3   balance 4 -> 7
      KIEU1011-N-38 @ B09.04     wrong edit -2, restore +2   balance 2 -> 4
      KIEU1011-N-39 @ B09.04     wrong edit -2, restore +2   balance 2 -> 4
      KIEU1013-D-35 @ A03.05     wrong edit -2, restore +2   balance 2 -> 4
      KIEU1013-D-36 @ A03.05     wrong edit -2, restore +2   balance 2 -> 4
      KIEU1013-D-37 @ A03.05     wrong edit -3, restore +3   balance 3 -> 6
      KIEU1013-D-38 @ A03.05     wrong edit -2, restore +2   balance 2 -> 4
      KIEU1013-D-39 @ A03.05     wrong edit -1, restore +1   balance 1 -> 2
      KIEU1013-DO-35 @ A03.05     wrong edit -3, restore +3   balance 2 -> 5
      KIEU1013-DO-36 @ A03.05     wrong edit -3, restore +3   balance 3 -> 6
      KIEU1013-DO-37 @ A03.05     wrong edit -2, restore +2   balance 2 -> 4
      KIEU1013-DO-38 @ A03.05     wrong edit -2, restore +2   balance 2 -> 4
      KIEU1013-DO-39 @ A03.05     wrong edit -2, restore +2   balance 2 -> 4
      KIEU1014-D-35 @ A01.05     wrong edit -3, restore +3   balance 3 -> 6
      KIEU1014-D-36 @ A01.05     wrong edit -3, restore +3   balance 3 -> 6
      KIEU1014-D-37 @ A01.05     wrong edit -2, restore +2   balance 3 -> 5
      KIEU1014-D-38 @ A01.05     wrong edit -2, restore +2   balance 1 -> 3
      KIEU1014-D-39 @ A01.05     wrong edit -2, restore +2   balance 2 -> 4
      KIEU1014-K-35 @ A01.05     wrong edit +3, restore -3   balance 3 -> 0
      KIEU1014-K-36 @ A01.05     wrong edit +3, restore -3   balance 3 -> 0
      KIEU1014-K-37 @ A01.05     wrong edit +3, restore -3   balance 3 -> 0
      KIEU1014-K-38 @ A01.05     wrong edit +1, restore -1   balance 1 -> 0
      KIEU1014-K-39 @ A01.05     wrong edit +1, restore -1   balance 1 -> 0
      LOC251-D-38  @ E25.04     wrong edit -1, restore +1   balance 1 -> 2
      LOC251-D-39  @ E25.04     wrong edit -1, restore +1   balance 1 -> 2
      LOC252-D-39  @ E01.01     wrong edit -1, restore +1   balance 0 -> 1
      LTG5480-D-38 @ E27.03     wrong edit +2, restore -2   balance 2 -> 0
      LTG5480-D-39 @ E27.03     wrong edit +2, restore -2   balance 1 -> -1
      LTG5480-D-40 @ E27.03     wrong edit +2, restore -2   balance 2 -> 0
      LTG5480-D-41 @ E27.03     wrong edit +3, restore -3   balance 3 -> 0
      LTG5480-D-42 @ E27.03     wrong edit +3, restore -3   balance 3 -> 0
      LTG5480-D-43 @ E27.03     wrong edit +2, restore -2   balance 2 -> 0
      LTG5480-D-44 @ E27.03     wrong edit +2, restore -2   balance 2 -> 0
      LTG5480-N-38 @ E27.03     wrong edit +2, restore -2   balance 2 -> 0
      LTG5480-N-39 @ E27.03     wrong edit +2, restore -2   balance 2 -> 0
      LTG5480-N-40 @ E27.03     wrong edit +3, restore -3   balance 3 -> 0
      LTG5480-N-41 @ E27.03     wrong edit +2, restore -2   balance 2 -> 0
      LTG5480-N-42 @ E27.03     wrong edit +3, restore -3   balance 3 -> 0
      LTG5480-N-43 @ E27.03     wrong edit +2, restore -2   balance 2 -> 0
      LTG5480-N-44 @ E27.03     wrong edit +2, restore -2   balance 2 -> 0
      LTG5523-D-38 @ T16.05     wrong edit +2, restore -2   balance 2 -> 0
      LTG5523-D-39 @ T16.05     wrong edit +1, restore -1   balance 1 -> 0
      LTG5523-D-40 @ T16.05     wrong edit +2, restore -2   balance 2 -> 0
      LTG5523-D-41 @ T16.05     wrong edit +3, restore -3   balance 2 -> -1
      LTG5523-D-42 @ T16.05     wrong edit +3, restore -3   balance 3 -> 0
      LTG5523-D-43 @ T16.05     wrong edit +2, restore -2   balance 2 -> 0
      LTG5523-D-44 @ T16.05     wrong edit +2, restore -2   balance 2 -> 0
      LTG5523-N-38 @ T16.05     wrong edit +2, restore -2   balance 2 -> 0
      LTG5523-N-39 @ T16.05     wrong edit +3, restore -3   balance 3 -> 0
      LTG5523-N-40 @ T16.05     wrong edit +3, restore -3   balance 3 -> 0
      LTG5523-N-41 @ T16.05     wrong edit +2, restore -2   balance 2 -> 0
      LTG5523-N-42 @ T16.05     wrong edit +3, restore -3   balance 3 -> 0
      LTG5523-N-43 @ T16.05     wrong edit +2, restore -2   balance 2 -> 0
      LTG5523-N-44 @ T16.05     wrong edit +2, restore -2   balance 2 -> 0
      LTG5535-D-39 @ G07.03     wrong edit +1, restore -1   balance 1 -> 0
      LTG5535-D-40 @ G07.03     wrong edit +1, restore -1   balance 0 -> -1
      LTG5535-D-41 @ G07.03     wrong edit +2, restore -2   balance 2 -> 0
      LTG5535-D-42 @ G07.03     wrong edit +2, restore -2   balance 2 -> 0
      LTG5535-D-43 @ G07.03     wrong edit +1, restore -1   balance 1 -> 0
      LTG5535-D-44 @ G07.03     wrong edit +1, restore -1   balance 1 -> 0
      LTG5542-D-38 @ E10.02     wrong edit +1, restore -1   balance 1 -> 0
      LTG5542-D-39 @ E10.02     wrong edit +2, restore -2   balance 2 -> 0
      LTG5542-D-40 @ E10.02     wrong edit +1, restore -1   balance 1 -> 0
      LTG5542-D-41 @ E10.02     wrong edit +1, restore -1   balance 1 -> 0
      LTG5542-D-42 @ E10.02     wrong edit +2, restore -2   balance 1 -> -1
      LTG5542-D-43 @ E10.02     wrong edit +3, restore -3   balance 3 -> 0
      MHTP001-D-38 @ T03.03     wrong edit -2, restore +2   balance 2 -> 4
      MHTP001-D-39 @ T03.03     wrong edit -3, restore +3   balance 3 -> 6
      MHTP001-D-40 @ T03.03     wrong edit -3, restore +3   balance 3 -> 6
      MHTP001-D-41 @ T03.03     wrong edit -4, restore +4   balance 3 -> 7
      MHTP001-D-42 @ T03.03     wrong edit -3, restore +3   balance 3 -> 6
      MHTP001-D-43 @ T03.03     wrong edit -3, restore +3   balance 3 -> 6
      MHTP001-D-44 @ T03.03     wrong edit -3, restore +3   balance 3 -> 6
      MHTP001-N-38 @ T03.03     wrong edit -2, restore +2   balance 2 -> 4
      MHTP001-N-39 @ T03.03     wrong edit -3, restore +3   balance 3 -> 6
      MHTP001-N-40 @ T03.03     wrong edit -3, restore +3   balance 3 -> 6
      MHTP001-N-41 @ T03.03     wrong edit -3, restore +3   balance 3 -> 6
      MHTP001-N-42 @ T03.03     wrong edit -3, restore +3   balance 3 -> 6
      MHTP001-N-43 @ T03.03     wrong edit -3, restore +3   balance 3 -> 6
      MHTP001-N-44 @ T03.03     wrong edit -3, restore +3   balance 3 -> 6
      MHTP0012-D-38 @ T34.04     wrong edit -2, restore +2   balance 2 -> 4
      MHTP0012-D-39 @ T34.04     wrong edit -2, restore +2   balance 2 -> 4
      MHTP0012-D-40 @ T34.04     wrong edit -1, restore +1   balance 1 -> 2
      MHTP0012-D-41 @ T34.04     wrong edit -3, restore +3   balance 2 -> 5
      MHTP0012-D-42 @ T34.04     wrong edit -3, restore +3   balance 3 -> 6
      MHTP0012-D-43 @ T34.04     wrong edit -3, restore +3   balance 2 -> 5
      MHTP0012-D-44 @ T34.04     wrong edit -1, restore +1   balance 0 -> 1
      MHTP0012-X-38 @ T34.04     wrong edit -2, restore +2   balance 2 -> 4
      MHTP0012-X-39 @ T34.04     wrong edit -3, restore +3   balance 2 -> 5
      MHTP0012-X-40 @ T34.04     wrong edit -4, restore +4   balance 3 -> 7
      MHTP0012-X-41 @ T34.04     wrong edit -3, restore +3   balance 4 -> 7
      MHTP0012-X-42 @ T34.04     wrong edit -3, restore +3   balance 2 -> 5
      MHTP0012-X-43 @ T34.04     wrong edit -3, restore +3   balance 2 -> 5
      MHTP0012-X-44 @ T34.04     wrong edit -3, restore +3   balance 3 -> 6
      MHTP002-BO-39 @ T19.03     wrong edit -3, restore +3   balance 2 -> 5
      MHTP002-BO-40 @ T19.03     wrong edit -4, restore +4   balance 3 -> 7
      MHTP002-BO-41 @ T19.03     wrong edit -5, restore +5   balance 5 -> 10
      MHTP002-BO-42 @ T19.03     wrong edit -5, restore +5   balance 4 -> 9
      MHTP002-BO-43 @ T19.03     wrong edit -5, restore +5   balance 5 -> 10
      MHTP002-BO-44 @ T19.03     wrong edit -3, restore +3   balance 3 -> 6
      MHTP002-D-39 @ T19.03     wrong edit -3, restore +3   balance 4 -> 7
      MHTP002-D-40 @ T19.03     wrong edit -5, restore +5   balance 5 -> 10
      MHTP002-D-41 @ T19.03     wrong edit -5, restore +5   balance 5 -> 10
      MHTP002-D-42 @ T19.03     wrong edit -6, restore +6   balance 5 -> 11
      MHTP002-D-43 @ T19.03     wrong edit -3, restore +3   balance 4 -> 7
      MHTP002-D-44 @ T19.03     wrong edit -2, restore +2   balance 1 -> 3
      MHTP004-D-38 @ T02.01     wrong edit -2, restore +2   balance 2 -> 4
      MHTP004-D-39 @ T02.01     wrong edit -3, restore +3   balance 3 -> 6
      MHTP004-D-40 @ T02.01     wrong edit -3, restore +3   balance 3 -> 6
      MHTP004-D-41 @ T02.01     wrong edit -3, restore +3   balance 2 -> 5
      MHTP004-D-42 @ T02.01     wrong edit -1, restore +1   balance 2 -> 3
      MHTP004-D-43 @ T02.01     wrong edit -3, restore +3   balance 3 -> 6
      MHTP004-D-44 @ T02.01     wrong edit -3, restore +3   balance 3 -> 6
      MHTP004-X-38 @ T02.01     wrong edit -2, restore +2   balance 2 -> 4
      MHTP004-X-39 @ T02.01     wrong edit -3, restore +3   balance 3 -> 6
      MHTP004-X-40 @ T02.01     wrong edit -2, restore +2   balance 2 -> 4
      MHTP004-X-41 @ T02.01     wrong edit -1, restore +1   balance 2 -> 3
      MHTP004-X-42 @ T02.01     wrong edit -3, restore +3   balance 3 -> 6
      MHTP004-X-43 @ T02.01     wrong edit -2, restore +2   balance 2 -> 4
      MHTP004-X-44 @ T02.01     wrong edit -3, restore +3   balance 3 -> 6
      MHTP006-D-39 @ T35.02     wrong edit -5, restore +5   balance 5 -> 10
      MHTP006-D-40 @ T35.02     wrong edit -5, restore +5   balance 4 -> 9
      MHTP006-D-41 @ T35.02     wrong edit -4, restore +4   balance 4 -> 8
      MHTP006-D-42 @ T35.02     wrong edit -3, restore +3   balance 4 -> 7
      MHTP006-D-43 @ T35.02     wrong edit -4, restore +4   balance 4 -> 8
      MHTP006-D-44 @ T35.02     wrong edit -3, restore +3   balance 3 -> 6
      MHTP006-N-39 @ T35.02     wrong edit -2, restore +2   balance 3 -> 5
      MHTP006-N-40 @ T35.02     wrong edit -2, restore +2   balance 2 -> 4
      MHTP006-N-41 @ T35.02     wrong edit -3, restore +3   balance 3 -> 6
      MHTP006-N-42 @ T35.02     wrong edit -5, restore +5   balance 5 -> 10
      MHTP006-N-43 @ T35.02     wrong edit -3, restore +3   balance 4 -> 7
      MHTP006-N-44 @ T35.02     wrong edit -1, restore +1   balance 2 -> 3
      MHTP009-D-39 @ T09.04     wrong edit -1, restore +1   balance 2 -> 3
      MHTP009-D-40 @ T09.04     wrong edit -2, restore +2   balance 3 -> 5
      MHTP009-D-41 @ T09.04     wrong edit -2, restore +2   balance 2 -> 4
      MHTP009-D-42 @ T09.04     wrong edit -3, restore +3   balance 3 -> 6
      MHTP009-D-43 @ T09.04     wrong edit -2, restore +2   balance 2 -> 4
      MHTP009-D-44 @ T09.04     wrong edit -4, restore +4   balance 4 -> 8
      MHTP009-N-38 @ T09.04     wrong edit -1, restore +1   balance 0 -> 1
      MHTP009-N-39 @ T09.04     wrong edit -3, restore +3   balance 3 -> 6
      MHTP009-N-40 @ T09.04     wrong edit -2, restore +2   balance 2 -> 4
      MHTP009-N-42 @ T09.04     wrong edit -2, restore +2   balance 1 -> 3
      MHTP009-N-43 @ T09.04     wrong edit -3, restore +3   balance 3 -> 6
      MHTP009-N-44 @ T09.04     wrong edit -3, restore +3   balance 3 -> 6
      MIUM09-D-38  @ C08.03     wrong edit +1, restore -1   balance 1 -> 0
      MTUY6418-D-39 @ E12.04     wrong edit +2, restore -2   balance 2 -> 0
      MTUY6418-D-40 @ E12.04     wrong edit +2, restore -2   balance 1 -> -1
      MTUY6418-D-41 @ E12.04     wrong edit +4, restore -4   balance 4 -> 0
      MTUY6418-D-42 @ E12.04     wrong edit +2, restore -2   balance 2 -> 0
      MTUY6418-D-43 @ E12.04     wrong edit +2, restore -2   balance 2 -> 0
      MTUY6423-D-39 @ E20.05     wrong edit +1, restore -1   balance 1 -> 0
      MTUY6423-D-40 @ E20.05     wrong edit +3, restore -3   balance 3 -> 0
      MTUY6423-D-41 @ E20.05     wrong edit +2, restore -2   balance 2 -> 0
      MTUY6479-D-38 @ G03.04     wrong edit +2, restore -2   balance 2 -> 0
      MTUY6479-D-39 @ G03.04     wrong edit +2, restore -2   balance 2 -> 0
      MTUY6479-D-41 @ G03.04     wrong edit +1, restore -1   balance 1 -> 0
      MTUY6479-D-42 @ G03.04     wrong edit +2, restore -2   balance 2 -> 0
      MTUY6479-D-44 @ G03.04     wrong edit +1, restore -1   balance 1 -> 0
      MTUY6675-D-38 @ E26.04     wrong edit -2, restore +2   balance 2 -> 4
      MTUY6675-D-39 @ E26.04     wrong edit -1, restore +1   balance 1 -> 2
      MTUY6675-D-40 @ E26.04     wrong edit -2, restore +2   balance 2 -> 4
      MTUY6675-D-41 @ E26.04     wrong edit -1, restore +1   balance 1 -> 2
      MTUY6675-D-42 @ E26.04     wrong edit -2, restore +2   balance 2 -> 4
      MTUY6675-D-43 @ E26.04     wrong edit -2, restore +2   balance 2 -> 4
      MTUY6675-D-44 @ E26.04     wrong edit -1, restore +1   balance 1 -> 2
      MTUY6713-D-38 @ E28.04     wrong edit -2, restore +2   balance 2 -> 4
      MTUY6713-D-39 @ E28.04     wrong edit -2, restore +2   balance 2 -> 4
      MTUY6713-D-40 @ E28.04     wrong edit -3, restore +3   balance 2 -> 5
      MTUY6713-D-41 @ E28.04     wrong edit -2, restore +2   balance 2 -> 4
      MTUY6713-D-42 @ E28.04     wrong edit -2, restore +2   balance 2 -> 4
      MTUY6713-D-43 @ E28.04     wrong edit -2, restore +2   balance 2 -> 4
      MTUY6713-D-44 @ E28.04     wrong edit -1, restore +1   balance 1 -> 2
      MTUY6713-N-38 @ E28.04     wrong edit -2, restore +2   balance 2 -> 4
      MTUY6713-N-39 @ E28.04     wrong edit -2, restore +2   balance 2 -> 4
      MTUY6713-N-40 @ E28.04     wrong edit -2, restore +2   balance 2 -> 4
      MTUY6713-N-41 @ E28.04     wrong edit -3, restore +3   balance 3 -> 6
      MTUY6713-N-42 @ E28.04     wrong edit -2, restore +2   balance 2 -> 4
      MTUY6713-N-43 @ E28.04     wrong edit -2, restore +2   balance 2 -> 4
      MTUY6713-N-44 @ E28.04     wrong edit -1, restore +1   balance 1 -> 2
      MTY6217-D-39 @ Q24.06     wrong edit +1, restore -1   balance 2 -> 1
      MTY73670-H-40 @ Q07.02     wrong edit +1, restore -1   balance 2 -> 1
      MTY83519-D-42 @ F06.02     wrong edit +1, restore -1   balance 0 -> -1
      MTY83672-D-40 @ F02.02     wrong edit -3, restore +3   balance 2 -> 5
      MTY83672-D-41 @ F02.02     wrong edit -4, restore +4   balance 4 -> 8
      MTY83672-D-42 @ F02.02     wrong edit -3, restore +3   balance 2 -> 5
      MTY83672-D-43 @ F02.02     wrong edit -3, restore +3   balance 3 -> 6
      MTY83672-D-44 @ F02.02     wrong edit -3, restore +3   balance 3 -> 6
      MTY83672-K-40 @ F02.02     wrong edit -4, restore +4   balance 3 -> 7
      MTY83672-K-41 @ F02.02     wrong edit -3, restore +3   balance 3 -> 6
      MTY83672-K-42 @ F02.02     wrong edit -3, restore +3   balance 3 -> 6
      MTY83672-K-43 @ F02.02     wrong edit -3, restore +3   balance 3 -> 6
      MTY83672-K-44 @ F02.02     wrong edit -3, restore +3   balance 3 -> 6
      MTY83673-K-40 @ F03.01     wrong edit -3, restore +3   balance 4 -> 7
      MTY83673-K-41 @ F03.01     wrong edit -3, restore +3   balance 3 -> 6
      MTY83673-K-42 @ F03.01     wrong edit -3, restore +3   balance 3 -> 6
      MTY83673-K-43 @ F03.01     wrong edit -3, restore +3   balance 3 -> 6
      MTY83673-K-44 @ F03.01     wrong edit -3, restore +3   balance 3 -> 6
      MTY83673-X-40 @ F03.01     wrong edit -4, restore +4   balance 4 -> 8
      MTY83673-X-41 @ F03.01     wrong edit -3, restore +3   balance 3 -> 6
      MTY83673-X-42 @ F03.01     wrong edit -3, restore +3   balance 2 -> 5
      MTY83673-X-43 @ F03.01     wrong edit -3, restore +3   balance 3 -> 6
      MTY83673-X-44 @ F03.01     wrong edit -3, restore +3   balance 3 -> 6
      MTY83682-D-40 @ F01.03     wrong edit -4, restore +4   balance 3 -> 7
      MTY83682-D-41 @ F01.03     wrong edit -3, restore +3   balance 3 -> 6
      MTY83682-D-42 @ F01.03     wrong edit -3, restore +3   balance 3 -> 6
      MTY83682-D-43 @ F01.03     wrong edit -3, restore +3   balance 4 -> 7
      MTY83682-D-44 @ F01.03     wrong edit -3, restore +3   balance 3 -> 6
      MTY83682-K-40 @ F01.03     wrong edit -3, restore +3   balance 1 -> 4
      MTY83682-K-41 @ F01.03     wrong edit -4, restore +4   balance 3 -> 7
      MTY83682-K-42 @ F01.03     wrong edit -3, restore +3   balance 3 -> 6
      MTY83682-K-43 @ F01.03     wrong edit -3, restore +3   balance 3 -> 6
      MTY83682-K-44 @ F01.03     wrong edit -3, restore +3   balance 4 -> 7
      MTYA361-D-47 @ T44.03     wrong edit -1, restore +1   balance 0 -> 1
      MTYA361-D-48 @ T44.03     wrong edit -1, restore +1   balance 1 -> 2
      MY1020-K-35  @ H61.01     wrong edit -3, restore +3   balance 3 -> 6
      MY1020-K-36  @ H61.01     wrong edit -3, restore +3   balance 3 -> 6
      MY1020-K-37  @ H61.01     wrong edit -3, restore +3   balance 2 -> 5
      MY1020-K-38  @ H61.01     wrong edit -4, restore +4   balance 4 -> 8
      MY1020-K-39  @ H61.01     wrong edit -3, restore +3   balance 2 -> 5
      MY1020-TR-35 @ H61.01     wrong edit -3, restore +3   balance 3 -> 6
      MY1020-TR-36 @ H61.01     wrong edit -2, restore +2   balance 2 -> 4
      MY1020-TR-37 @ H61.01     wrong edit -4, restore +4   balance 4 -> 8
      MY1020-TR-38 @ H61.01     wrong edit -4, restore +4   balance 4 -> 8
      MY1020-TR-39 @ H61.01     wrong edit -2, restore +2   balance 2 -> 4
      MY11109-D-35 @ H01.01     wrong edit +3, restore -3   balance 3 -> 0
      MY11109-D-36 @ H01.01     wrong edit +3, restore -3   balance 2 -> -1
      MY11109-D-37 @ H01.01     wrong edit +2, restore -2   balance 2 -> 0
      MY11109-D-38 @ H01.01     wrong edit +3, restore -3   balance 3 -> 0
      MY11109-D-39 @ H01.01     wrong edit +2, restore -2   balance 2 -> 0
      MY11109-K-35 @ H01.01     wrong edit +2, restore -2   balance 2 -> 0
      MY11109-K-36 @ H01.01     wrong edit +3, restore -3   balance 3 -> 0
      MY11109-K-37 @ H01.01     wrong edit +1, restore -1   balance 1 -> 0
      MY11109-K-38 @ H01.01     wrong edit +3, restore -3   balance 3 -> 0
      MY11109-K-39 @ H01.01     wrong edit +1, restore -1   balance 1 -> 0
      MY1221-1-D-35 @ H51.01     wrong edit +3, restore -3   balance 3 -> 0
      MY1221-1-D-36 @ H51.01     wrong edit +3, restore -3   balance 3 -> 0
      MY1221-1-D-37 @ H51.01     wrong edit +3, restore -3   balance 3 -> 0
      MY1221-1-D-38 @ H51.01     wrong edit +3, restore -3   balance 2 -> -1
      MY1221-1-D-39 @ H51.01     wrong edit +2, restore -2   balance 2 -> 0
      MY1221-1-N-35 @ H51.01     wrong edit +2, restore -2   balance 2 -> 0
      MY1221-1-N-36 @ H51.01     wrong edit +1, restore -1   balance 1 -> 0
      MY1221-1-N-38 @ H51.01     wrong edit +3, restore -3   balance 3 -> 0
      MY1221-1-N-39 @ H51.01     wrong edit +2, restore -2   balance 2 -> 0
      MY168629-D-35 @ H38.01     wrong edit +2, restore -2   balance 1 -> -1
      MY168629-D-36 @ H38.01     wrong edit +1, restore -1   balance 2 -> 1
      MY168629-D-38 @ H38.01     wrong edit +1, restore -1   balance 1 -> 0
      MY168629-D-39 @ H38.01     wrong edit +1, restore -1   balance 1 -> 0
      MY168629-K-36 @ H38.01     wrong edit +2, restore -2   balance 1 -> -1
      MY168629-K-38 @ H38.01     wrong edit +1, restore -1   balance 0 -> -1
      MY168629-K-39 @ H38.01     wrong edit +1, restore -1   balance 1 -> 0
      MY169-2-D-36 @ H02.02     wrong edit +2, restore -2   balance 1 -> -1
      MY169-2-D-37 @ H02.02     wrong edit +4, restore -4   balance 4 -> 0
      MY169-2-D-38 @ H02.02     wrong edit +4, restore -4   balance 3 -> -1
      MY169-2-D-39 @ H02.02     wrong edit +5, restore -5   balance 5 -> 0
      MY169-2-K-35 @ H02.02     wrong edit +4, restore -4   balance 3 -> -1
      MY169-2-K-36 @ H02.02     wrong edit +5, restore -5   balance 5 -> 0
      MY169-2-K-37 @ H02.02     wrong edit +4, restore -4   balance 4 -> 0
      MY180-3-D-35 @ H46.02     wrong edit +3, restore -3   balance 3 -> 0
      MY180-3-D-36 @ H46.02     wrong edit +4, restore -4   balance 4 -> 0
      MY180-3-D-37 @ H46.02     wrong edit +3, restore -3   balance 3 -> 0
      MY180-3-D-38 @ H46.02     wrong edit +3, restore -3   balance 3 -> 0
      MY180-3-D-39 @ H46.02     wrong edit +3, restore -3   balance 3 -> 0
      MY180-3-N-35 @ H46.02     wrong edit +2, restore -2   balance 2 -> 0
      MY180-3-N-36 @ H46.02     wrong edit +3, restore -3   balance 3 -> 0
      MY180-3-N-37 @ H46.02     wrong edit +3, restore -3   balance 3 -> 0
      MY180-3-N-38 @ H46.02     wrong edit +3, restore -3   balance 3 -> 0
      MY180-3-N-39 @ H46.02     wrong edit +3, restore -3   balance 3 -> 0
      MY18863-N-35 @ H50.02     wrong edit +2, restore -2   balance 2 -> 0
      MY18863-N-38 @ H50.02     wrong edit +1, restore -1   balance 1 -> 0
      MY18863-N-39 @ H50.02     wrong edit +1, restore -1   balance 1 -> 0
      MY1901-D-35  @ A05.03     wrong edit -2, restore +2   balance 2 -> 4
      MY1901-D-36  @ A05.03     wrong edit -3, restore +3   balance 3 -> 6
      MY1901-D-37  @ A05.03     wrong edit -4, restore +4   balance 4 -> 8
      MY1901-D-38  @ A05.03     wrong edit -1, restore +1   balance 1 -> 2
      MY1901-D-39  @ A05.03     wrong edit -2, restore +2   balance 2 -> 4
      MY1901-N-35  @ A05.03     wrong edit -3, restore +3   balance 3 -> 6
      MY1901-N-36  @ A05.03     wrong edit -3, restore +3   balance 3 -> 6
      MY1901-N-37  @ A05.03     wrong edit -2, restore +2   balance 2 -> 4
      MY1901-N-39  @ A05.03     wrong edit -3, restore +3   balance 3 -> 6
      MY20018-D-35 @ H30.01     wrong edit +2, restore -2   balance 2 -> 0
      MY20018-D-36 @ H30.01     wrong edit +2, restore -2   balance 2 -> 0
      MY20018-D-37 @ H30.01     wrong edit +2, restore -2   balance 1 -> -1
      MY20018-D-38 @ H30.01     wrong edit +4, restore -4   balance 4 -> 0
      MY20018-D-39 @ H30.01     wrong edit +2, restore -2   balance 2 -> 0
      MY20018-K-35 @ H30.01     wrong edit +1, restore -1   balance 1 -> 0
      MY20018-K-36 @ H30.01     wrong edit +2, restore -2   balance 2 -> 0
      MY20018-K-37 @ H30.01     wrong edit +3, restore -3   balance 3 -> 0
      MY20018-K-38 @ H30.01     wrong edit +2, restore -2   balance 2 -> 0
      MY20018-K-39 @ H30.01     wrong edit +2, restore -2   balance 2 -> 0
      MY20023-D-35 @ H14.01     wrong edit +2, restore -2   balance 2 -> 0
      MY20023-D-36 @ H14.01     wrong edit +2, restore -2   balance 2 -> 0
      MY20023-D-37 @ H14.01     wrong edit +3, restore -3   balance 3 -> 0
      MY20023-D-38 @ H14.01     wrong edit +4, restore -4   balance 4 -> 0
      MY20023-D-39 @ H14.01     wrong edit +2, restore -2   balance 2 -> 0
      MY20023-K-35 @ H14.01     wrong edit +2, restore -2   balance 2 -> 0
      MY20023-K-36 @ H14.01     wrong edit +1, restore -1   balance 1 -> 0
      MY20023-K-37 @ H14.01     wrong edit +1, restore -1   balance 0 -> -1
      MY20023-K-38 @ H14.01     wrong edit +3, restore -3   balance 3 -> 0
      MY20023-K-39 @ H14.01     wrong edit +1, restore -1   balance 1 -> 0
      MY20260-D-35 @ H35.02     wrong edit +3, restore -3   balance 3 -> 0
      MY20260-D-36 @ H35.02     wrong edit +1, restore -1   balance 2 -> 1
      MY20260-D-37 @ H35.02     wrong edit +3, restore -3   balance 3 -> 0
      MY20260-D-38 @ H35.02     wrong edit +3, restore -3   balance 3 -> 0
      MY20260-K-35 @ H35.02     wrong edit +2, restore -2   balance 2 -> 0
      MY20260-K-36 @ H35.02     wrong edit +2, restore -2   balance 2 -> 0
      MY20260-K-37 @ H35.02     wrong edit +2, restore -2   balance 2 -> 0
      MY20260-K-38 @ H35.02     wrong edit +2, restore -2   balance 2 -> 0
      MY22551-D-37 @ H33.02     wrong edit -1, restore +1   balance 1 -> 2
      MY22551-D-38 @ H33.02     wrong edit -1, restore +1   balance 1 -> 2
      MY22551-N-35 @ H33.02     wrong edit +1, restore -1   balance 1 -> 0
      MY2280-8-V-39 @ C06.03     wrong edit +1, restore -1   balance 0 -> -1
      MY280022-D-39 @ Q23.04     wrong edit -1, restore +1   balance 1 -> 2
      MY2823-16-D-35 @ H41.01     wrong edit +3, restore -3   balance 3 -> 0
      MY2823-16-D-36 @ H41.01     wrong edit +4, restore -4   balance 4 -> 0
      MY2823-16-D-37 @ H41.01     wrong edit +3, restore -3   balance 3 -> 0
      MY2823-16-D-38 @ H41.01     wrong edit +3, restore -3   balance 3 -> 0
      MY2823-16-D-39 @ H41.01     wrong edit +3, restore -3   balance 3 -> 0
      MY2823-16-K-35 @ H41.01     wrong edit +3, restore -3   balance 3 -> 0
      MY2823-16-K-36 @ H41.01     wrong edit +3, restore -3   balance 3 -> 0
      MY2823-16-K-37 @ H41.01     wrong edit +4, restore -4   balance 4 -> 0
      MY2823-16-K-38 @ H41.01     wrong edit +3, restore -3   balance 3 -> 0
      MY2823-16-K-39 @ H41.01     wrong edit +3, restore -3   balance 3 -> 0
      MY2828-21-D-35 @ H15.01     wrong edit +3, restore -3   balance 3 -> 0
      MY2828-21-D-36 @ H15.01     wrong edit +2, restore -2   balance 2 -> 0
      MY2828-21-D-37 @ H15.01     wrong edit +2, restore -2   balance 1 -> -1
      MY2828-21-D-38 @ H15.01     wrong edit +2, restore -2   balance 1 -> -1
      MY2828-21-D-39 @ H15.01     wrong edit +1, restore -1   balance 1 -> 0
      MY2828-21-V-35 @ H15.01     wrong edit +3, restore -3   balance 3 -> 0
      MY2828-21-V-36 @ H15.01     wrong edit +3, restore -3   balance 3 -> 0
      MY2828-21-V-37 @ H15.01     wrong edit +2, restore -2   balance 2 -> 0
      MY2828-21-V-38 @ H15.01     wrong edit +2, restore -2   balance 2 -> 0
      MY2828-21-V-39 @ H15.01     wrong edit +1, restore -1   balance 1 -> 0
      MY2828-27-D-35 @ H14.03     wrong edit +1, restore -1   balance 1 -> 0
      MY2828-27-D-36 @ H14.03     wrong edit +2, restore -2   balance 2 -> 0
      MY2828-27-D-37 @ H14.03     wrong edit +5, restore -5   balance 3 -> -2
      MY2828-27-D-38 @ H14.03     wrong edit +3, restore -3   balance 2 -> -1
      MY2828-27-D-39 @ H14.03     wrong edit +2, restore -2   balance 2 -> 0
      MY2828-27-K-36 @ H14.03     wrong edit +2, restore -2   balance 1 -> -1
      MY2828-27-K-37 @ H14.03     wrong edit +4, restore -4   balance 4 -> 0
      MY2828-27-K-38 @ H14.03     wrong edit +3, restore -3   balance 2 -> -1
      MY2828-27-K-39 @ H14.03     wrong edit +3, restore -3   balance 3 -> 0
      MY2828-5-D-35 @ H08.03     wrong edit +2, restore -2   balance 2 -> 0
      MY2828-5-D-36 @ H08.03     wrong edit +2, restore -2   balance 2 -> 0
      MY2828-5-D-37 @ H08.03     wrong edit +1, restore -1   balance 1 -> 0
      MY2828-5-D-38 @ H08.03     wrong edit +2, restore -2   balance 2 -> 0
      MY2828-5-D-39 @ H08.03     wrong edit +1, restore -1   balance 1 -> 0
      MY2828-5-V-35 @ H08.03     wrong edit +2, restore -2   balance 2 -> 0
      MY2828-5-V-36 @ H08.03     wrong edit +1, restore -1   balance 1 -> 0
      MY2828-5-V-37 @ H08.03     wrong edit +1, restore -1   balance 1 -> 0
      MY2828-5-V-38 @ H08.03     wrong edit +1, restore -1   balance 1 -> 0
      MY2828-5-V-39 @ H08.03     wrong edit +2, restore -2   balance 2 -> 0
      MY2A26-9-D-37 @ B09.02     wrong edit +1, restore -1   balance 1 -> 0
      MY2A26-9-K-36 @ B09.02     wrong edit +1, restore -1   balance 0 -> -1
      MY3276-DA-34 @ C04.02     wrong edit +1, restore -1   balance 1 -> 0
      MY35052-D-35 @ H09.01     wrong edit +2, restore -2   balance 2 -> 0
      MY35052-D-36 @ H09.01     wrong edit +3, restore -3   balance 3 -> 0
      MY35052-D-37 @ H09.01     wrong edit +4, restore -4   balance 4 -> 0
      MY35052-D-38 @ H09.01     wrong edit +2, restore -2   balance 2 -> 0
      MY35052-D-39 @ H09.01     wrong edit +2, restore -2   balance 2 -> 0
      MY35052-K-35 @ H09.01     wrong edit +3, restore -3   balance 3 -> 0
      MY35052-K-36 @ H09.01     wrong edit +4, restore -4   balance 4 -> 0
      MY35052-K-37 @ H09.01     wrong edit +2, restore -2   balance 2 -> 0
      MY35052-K-38 @ H09.01     wrong edit +2, restore -2   balance 2 -> 0
      MY35052-K-39 @ H09.01     wrong edit +3, restore -3   balance 3 -> 0
      MY35357-D-35 @ B12.04     wrong edit -3, restore +3   balance 3 -> 6
      MY35357-D-36 @ B12.04     wrong edit -3, restore +3   balance 3 -> 6
      MY35357-D-37 @ B12.04     wrong edit -4, restore +4   balance 4 -> 8
      MY35357-D-38 @ B12.04     wrong edit -3, restore +3   balance 3 -> 6
      MY35357-D-39 @ B12.04     wrong edit -3, restore +3   balance 3 -> 6
      MY35357-K-35 @ B12.04     wrong edit -3, restore +3   balance 3 -> 6
      MY35357-K-36 @ B12.04     wrong edit -4, restore +4   balance 4 -> 8
      MY35357-K-37 @ B12.04     wrong edit -3, restore +3   balance 3 -> 6
      MY35357-K-38 @ B12.04     wrong edit -3, restore +3   balance 3 -> 6
      MY35357-K-39 @ B12.04     wrong edit -3, restore +3   balance 3 -> 6
      MY3568-26-D-35 @ H03.02     wrong edit -3, restore +3   balance 3 -> 6
      MY3568-26-D-36 @ H03.02     wrong edit -3, restore +3   balance 3 -> 6
      MY3568-26-D-37 @ H03.02     wrong edit -4, restore +4   balance 4 -> 8
      MY3568-26-D-38 @ H03.02     wrong edit -3, restore +3   balance 2 -> 5
      MY3568-26-D-39 @ H03.02     wrong edit -3, restore +3   balance 3 -> 6
      MY3568-26-K-35 @ H03.02     wrong edit -3, restore +3   balance 3 -> 6
      MY3568-26-K-36 @ H03.02     wrong edit -4, restore +4   balance 4 -> 8
      MY3568-26-K-37 @ H03.02     wrong edit -3, restore +3   balance 2 -> 5
      MY3568-26-K-38 @ H03.02     wrong edit -3, restore +3   balance 3 -> 6
      MY3568-26-K-39 @ H03.02     wrong edit -3, restore +3   balance 3 -> 6
      MY361-72-D-35 @ A14.02     wrong edit +1, restore -1   balance 1 -> 0
      MY361-72-D-36 @ A14.02     wrong edit +3, restore -3   balance 3 -> 0
      MY361-72-D-37 @ A14.02     wrong edit +2, restore -2   balance 2 -> 0
      MY361-72-D-38 @ A14.02     wrong edit +3, restore -3   balance 3 -> 0
      MY361-72-D-39 @ A14.02     wrong edit +3, restore -3   balance 3 -> 0
      MY361-72-K-35 @ A14.02     wrong edit +2, restore -2   balance 2 -> 0
      MY361-72-K-36 @ A14.02     wrong edit +3, restore -3   balance 3 -> 0
      MY361-72-K-37 @ A14.02     wrong edit +1, restore -1   balance 1 -> 0
      MY361-72-K-38 @ A14.02     wrong edit +2, restore -2   balance 2 -> 0
      MY361-72-K-39 @ A14.02     wrong edit +1, restore -1   balance 1 -> 0
      MY37027-K-39 @ H13.02     wrong edit -1, restore +1   balance 1 -> 2
      MY522-15-D-35 @ H68.02     wrong edit -3, restore +3   balance 3 -> 6
      MY522-15-D-36 @ H68.02     wrong edit -4, restore +4   balance 4 -> 8
      MY522-15-D-37 @ H68.02     wrong edit -3, restore +3   balance 3 -> 6
      MY522-15-D-38 @ H68.02     wrong edit -3, restore +3   balance 3 -> 6
      MY522-15-D-39 @ H68.02     wrong edit -3, restore +3   balance 3 -> 6
      MY522-15-V-35 @ H68.02     wrong edit -3, restore +3   balance 3 -> 6
      MY522-15-V-36 @ H68.02     wrong edit -3, restore +3   balance 3 -> 6
      MY522-15-V-37 @ H68.02     wrong edit -4, restore +4   balance 4 -> 8
      MY522-15-V-38 @ H68.02     wrong edit -3, restore +3   balance 3 -> 6
      MY522-15-V-39 @ H68.02     wrong edit -3, restore +3   balance 3 -> 6
      MY528-202-D-35 @ A01.04     wrong edit +3, restore -3   balance 3 -> 0
      MY528-202-D-36 @ A01.04     wrong edit +2, restore -2   balance 2 -> 0
      MY528-202-D-37 @ A01.04     wrong edit +2, restore -2   balance 1 -> -1
      MY528-202-D-38 @ A01.04     wrong edit +3, restore -3   balance 3 -> 0
      MY528-202-D-39 @ A01.04     wrong edit +1, restore -1   balance 1 -> 0
      MY528-202-K-35 @ A01.04     wrong edit +3, restore -3   balance 3 -> 0
      MY528-202-K-36 @ A01.04     wrong edit +3, restore -3   balance 3 -> 0
      MY528-202-K-37 @ A01.04     wrong edit +2, restore -2   balance 2 -> 0
      MY528-202-K-38 @ A01.04     wrong edit +2, restore -2   balance 2 -> 0
      MY528-202-K-39 @ A01.04     wrong edit +3, restore -3   balance 3 -> 0
      MY560-6-D-35 @ H09.03     wrong edit +3, restore -3   balance 3 -> 0
      MY560-6-D-36 @ H09.03     wrong edit +4, restore -4   balance 4 -> 0
      MY560-6-D-37 @ H09.03     wrong edit +3, restore -3   balance 3 -> 0
      MY560-6-D-38 @ H09.03     wrong edit +3, restore -3   balance 3 -> 0
      MY560-6-D-39 @ H09.03     wrong edit +2, restore -2   balance 2 -> 0
      MY560-6-N-35 @ H09.03     wrong edit +3, restore -3   balance 2 -> -1
      MY560-6-N-36 @ H09.03     wrong edit +3, restore -3   balance 3 -> 0
      MY560-6-N-37 @ H09.03     wrong edit +2, restore -2   balance 1 -> -1
      MY560-6-N-38 @ H09.03     wrong edit +1, restore -1   balance 1 -> 0
      MY560-6-N-39 @ H09.03     wrong edit +3, restore -3   balance 3 -> 0
      MY58076-D-35 @ A08.05     wrong edit +3, restore -3   balance 3 -> 0
      MY58076-D-38 @ A08.05     wrong edit +3, restore -3   balance 2 -> -1
      MY58076-D-39 @ A08.05     wrong edit +3, restore -3   balance 3 -> 0
      MY58076-K-39 @ A08.05     wrong edit +1, restore -1   balance 2 -> 1
      MY58086-K-35 @ H41.02     wrong edit +1, restore -1   balance 1 -> 0
      MY6295-D-35  @ H20.03     wrong edit +3, restore -3   balance 3 -> 0
      MY6295-D-36  @ H20.03     wrong edit +3, restore -3   balance 3 -> 0
      MY6295-D-37  @ H20.03     wrong edit +3, restore -3   balance 3 -> 0
      MY6295-D-38  @ H20.03     wrong edit +2, restore -2   balance 2 -> 0
      MY6295-D-39  @ H20.03     wrong edit +2, restore -2   balance 2 -> 0
      MY6295-K-35  @ H20.03     wrong edit +3, restore -3   balance 3 -> 0
      MY6295-K-36  @ H20.03     wrong edit +4, restore -4   balance 4 -> 0
      MY6295-K-37  @ H20.03     wrong edit +3, restore -3   balance 3 -> 0
      MY6295-K-38  @ H20.03     wrong edit +2, restore -2   balance 2 -> 0
      MY6295-K-39  @ H20.03     wrong edit +3, restore -3   balance 3 -> 0
      MY6858-D-35  @ H22.02     wrong edit +3, restore -3   balance 3 -> 0
      MY6858-D-36  @ H22.02     wrong edit +3, restore -3   balance 3 -> 0
      MY6858-D-37  @ H22.02     wrong edit +4, restore -4   balance 4 -> 0
      MY6858-D-38  @ H22.02     wrong edit +3, restore -3   balance 3 -> 0
      MY6858-D-39  @ H22.02     wrong edit +3, restore -3   balance 3 -> 0
      MY6858-K-35  @ H22.02     wrong edit +2, restore -2   balance 2 -> 0
      MY6858-K-36  @ H22.02     wrong edit +3, restore -3   balance 3 -> 0
      MY6858-K-37  @ H22.02     wrong edit +4, restore -4   balance 4 -> 0
      MY6858-K-38  @ H22.02     wrong edit +3, restore -3   balance 3 -> 0
      MY6858-K-39  @ H22.02     wrong edit +3, restore -3   balance 3 -> 0
      MY6971-D-35  @ H27.01     wrong edit -1, restore +1   balance 1 -> 2
      MY6971-K-39  @ H27.01     wrong edit -1, restore +1   balance 1 -> 2
      MY7196-D-35  @ H14.02     wrong edit +3, restore -3   balance 3 -> 0
      MY7196-D-36  @ H14.02     wrong edit +3, restore -3   balance 3 -> 0
      MY7196-D-37  @ H14.02     wrong edit +3, restore -3   balance 3 -> 0
      MY7196-D-38  @ H14.02     wrong edit +2, restore -2   balance 2 -> 0
      MY7196-D-39  @ H14.02     wrong edit +3, restore -3   balance 3 -> 0
      MY7196-K-35  @ H14.02     wrong edit +3, restore -3   balance 3 -> 0
      MY7196-K-36  @ H14.02     wrong edit +4, restore -4   balance 4 -> 0
      MY7196-K-37  @ H14.02     wrong edit +2, restore -2   balance 2 -> 0
      MY7196-K-38  @ H14.02     wrong edit +2, restore -2   balance 2 -> 0
      MY7196-K-39  @ H14.02     wrong edit +2, restore -2   balance 2 -> 0
      MY728-20-D-39 @ H10.01     wrong edit -1, restore +1   balance 4 -> 5
      MY728-20-K-39 @ H10.01     wrong edit +1, restore -1   balance 2 -> 1
      MY7506-D-35  @ H20.02     wrong edit +2, restore -2   balance 2 -> 0
      MY7506-D-36  @ H20.02     wrong edit +3, restore -3   balance 3 -> 0
      MY7506-D-37  @ H20.02     wrong edit +4, restore -4   balance 4 -> 0
      MY7506-D-38  @ H20.02     wrong edit +3, restore -3   balance 3 -> 0
      MY7506-D-39  @ H20.02     wrong edit +2, restore -2   balance 2 -> 0
      MY7506-K-35  @ H20.02     wrong edit +3, restore -3   balance 3 -> 0
      MY7506-K-36  @ H20.02     wrong edit +3, restore -3   balance 3 -> 0
      MY7506-K-37  @ H20.02     wrong edit +3, restore -3   balance 3 -> 0
      MY7506-K-38  @ H20.02     wrong edit +3, restore -3   balance 3 -> 0
      MY7506-K-39  @ H20.02     wrong edit +3, restore -3   balance 3 -> 0
      MY76050-D-35 @ H07.03     wrong edit +3, restore -3   balance 3 -> 0
      MY76050-D-36 @ H07.03     wrong edit +2, restore -2   balance 2 -> 0
      MY76050-D-37 @ H07.03     wrong edit +4, restore -4   balance 4 -> 0
      MY76050-D-38 @ H07.03     wrong edit +2, restore -2   balance 2 -> 0
      MY76050-D-39 @ H07.03     wrong edit +3, restore -3   balance 3 -> 0
      MY76050-K-35 @ H07.03     wrong edit +3, restore -3   balance 3 -> 0
      MY76050-K-36 @ H07.03     wrong edit +3, restore -3   balance 1 -> -2
      MY76050-K-37 @ H07.03     wrong edit +3, restore -3   balance 2 -> -1
      MY76050-K-38 @ H07.03     wrong edit +2, restore -2   balance 2 -> 0
      MY76050-K-39 @ H07.03     wrong edit +3, restore -3   balance 3 -> 0
      MY77750-D-35 @ H13.01     wrong edit +2, restore -2   balance 2 -> 0
      MY77750-D-36 @ H13.01     wrong edit +2, restore -2   balance 2 -> 0
      MY77750-D-37 @ H13.01     wrong edit +2, restore -2   balance 2 -> 0
      MY77750-D-38 @ H13.01     wrong edit +3, restore -3   balance 3 -> 0
      MY77750-D-39 @ H13.01     wrong edit +3, restore -3   balance 3 -> 0
      MY77750-K-35 @ H13.01     wrong edit +3, restore -3   balance 3 -> 0
      MY77750-K-36 @ H13.01     wrong edit +4, restore -4   balance 4 -> 0
      MY77750-K-37 @ H13.01     wrong edit +3, restore -3   balance 3 -> 0
      MY77750-K-38 @ H13.01     wrong edit +3, restore -3   balance 3 -> 0
      MY77750-K-39 @ H13.01     wrong edit +1, restore -1   balance 1 -> 0
      MY7801-D-35  @ Q21.01     wrong edit +3, restore -3   balance 3 -> 0
      MY7801-D-36  @ Q21.01     wrong edit +3, restore -3   balance 3 -> 0
      MY7801-D-37  @ Q21.01     wrong edit +3, restore -3   balance 3 -> 0
      MY7801-D-38  @ Q21.01     wrong edit +3, restore -3   balance 3 -> 0
      MY7801-D-39  @ Q21.01     wrong edit +3, restore -3   balance 3 -> 0
      MY7801-N-35  @ Q21.01     wrong edit +2, restore -2   balance 2 -> 0
      MY7801-N-36  @ Q21.01     wrong edit +3, restore -3   balance 3 -> 0
      MY7801-N-37  @ Q21.01     wrong edit +2, restore -2   balance 2 -> 0
      MY7801-N-38  @ Q21.01     wrong edit +1, restore -1   balance 1 -> 0
      MY7801-N-39  @ Q21.01     wrong edit +1, restore -1   balance 0 -> -1
      MY8138-5-K-37 @ Q05.03     wrong edit -1, restore +1   balance 0 -> 1
      MY8338-285-D-35 @ A04.04     wrong edit +3, restore -3   balance 3 -> 0
      MY8338-285-D-36 @ A04.04     wrong edit +4, restore -4   balance 4 -> 0
      MY8338-285-D-37 @ A04.04     wrong edit +4, restore -4   balance 4 -> 0
      MY8338-285-D-38 @ A04.04     wrong edit +4, restore -4   balance 4 -> 0
      MY8338-285-D-39 @ A04.04     wrong edit +2, restore -2   balance 2 -> 0
      MY8338-285-K-35 @ A04.04     wrong edit +2, restore -2   balance 2 -> 0
      MY8338-285-K-36 @ A04.04     wrong edit +5, restore -5   balance 5 -> 0
      MY8338-285-K-37 @ A04.04     wrong edit +4, restore -4   balance 6 -> 2
      MY8338-285-K-38 @ A04.04     wrong edit +5, restore -5   balance 5 -> 0
      MY8338-285-K-39 @ A04.04     wrong edit +2, restore -2   balance 2 -> 0
      MY8385-25-D-39 @ H31.02     wrong edit -1, restore +1   balance 1 -> 2
      MY8810-D-35  @ H05.02     wrong edit +2, restore -2   balance 2 -> 0
      MY8810-D-36  @ H05.02     wrong edit +2, restore -2   balance 2 -> 0
      MY8810-D-37  @ H05.02     wrong edit +3, restore -3   balance 3 -> 0
      MY8810-D-38  @ H05.02     wrong edit +3, restore -3   balance 2 -> -1
      MY8810-D-39  @ H05.02     wrong edit +2, restore -2   balance 2 -> 0
      MY8810-K-35  @ H05.02     wrong edit +2, restore -2   balance 2 -> 0
      MY8810-K-36  @ H05.02     wrong edit +4, restore -4   balance 4 -> 0
      MY8810-K-37  @ H05.02     wrong edit +3, restore -3   balance 3 -> 0
      MY8810-K-38  @ H05.02     wrong edit +2, restore -2   balance 2 -> 0
      MY8810-K-39  @ H05.02     wrong edit +1, restore -1   balance 1 -> 0
      MY883-22-D-35 @ H71.02     wrong edit -2, restore +2   balance 2 -> 4
      MY883-22-D-36 @ H71.02     wrong edit -3, restore +3   balance 3 -> 6
      MY883-22-D-37 @ H71.02     wrong edit -2, restore +2   balance 2 -> 4
      MY883-22-D-38 @ H71.02     wrong edit -3, restore +3   balance 3 -> 6
      MY883-22-D-39 @ H71.02     wrong edit -2, restore +2   balance 2 -> 4
      MY883-22-D-40 @ H71.02     wrong edit -2, restore +2   balance 2 -> 4
      MY883-22-TR-35 @ H71.02     wrong edit -2, restore +2   balance 2 -> 4
      MY883-22-TR-36 @ H71.02     wrong edit -2, restore +2   balance 2 -> 4
      MY883-22-TR-37 @ H71.02     wrong edit -3, restore +3   balance 3 -> 6
      MY883-22-TR-38 @ H71.02     wrong edit -3, restore +3   balance 2 -> 5
      MY883-22-TR-39 @ H71.02     wrong edit -2, restore +2   balance 2 -> 4
      MY883-22-TR-40 @ H71.02     wrong edit -2, restore +2   balance 2 -> 4
      MY883-3-D-35 @ H66.01     wrong edit -2, restore +2   balance 2 -> 4
      MY883-3-D-36 @ H66.01     wrong edit -2, restore +2   balance 2 -> 4
      MY883-3-D-37 @ H66.01     wrong edit -3, restore +3   balance 3 -> 6
      MY883-3-D-38 @ H66.01     wrong edit -3, restore +3   balance 3 -> 6
      MY883-3-D-39 @ H66.01     wrong edit -2, restore +2   balance 1 -> 3
      MY883-3-D-40 @ H66.01     wrong edit -2, restore +2   balance 2 -> 4
      MY883-3-K-35 @ H66.01     wrong edit -1, restore +1   balance 1 -> 2
      MY883-3-K-36 @ H66.01     wrong edit -2, restore +2   balance 1 -> 3
      MY883-3-K-37 @ H66.01     wrong edit -1, restore +1   balance 1 -> 2
      MY883-3-K-38 @ H66.01     wrong edit -2, restore +2   balance 1 -> 3
      MY883-3-K-39 @ H66.01     wrong edit -2, restore +2   balance 2 -> 4
      MY883-3-K-40 @ H66.01     wrong edit -2, restore +2   balance 1 -> 3
      MY883-5-D-35 @ H72.02     wrong edit -2, restore +2   balance 2 -> 4
      MY883-5-D-36 @ H72.02     wrong edit -3, restore +3   balance 3 -> 6
      MY883-5-D-37 @ H72.02     wrong edit -2, restore +2   balance 2 -> 4
      MY883-5-D-38 @ H72.02     wrong edit -3, restore +3   balance 3 -> 6
      MY883-5-D-39 @ H72.02     wrong edit -2, restore +2   balance 2 -> 4
      MY883-5-D-40 @ H72.02     wrong edit -2, restore +2   balance 2 -> 4
      MY883-5-K-35 @ H72.02     wrong edit -2, restore +2   balance 2 -> 4
      MY883-5-K-36 @ H72.02     wrong edit -2, restore +2   balance 2 -> 4
      MY883-5-K-37 @ H72.02     wrong edit -3, restore +3   balance 3 -> 6
      MY883-5-K-38 @ H72.02     wrong edit -3, restore +3   balance 3 -> 6
      MY883-5-K-39 @ H72.02     wrong edit -2, restore +2   balance 2 -> 4
      MY883-5-K-40 @ H72.02     wrong edit -1, restore +1   balance 1 -> 2
      MY8865-D-35  @ H37.02     wrong edit +3, restore -3   balance 3 -> 0
      MY8865-D-36  @ H37.02     wrong edit +3, restore -3   balance 3 -> 0
      MY8865-D-37  @ H37.02     wrong edit +2, restore -2   balance 2 -> 0
      MY8865-D-38  @ H37.02     wrong edit +2, restore -2   balance 2 -> 0
      MY8865-D-39  @ H37.02     wrong edit +3, restore -3   balance 3 -> 0
      MY8865-K-35  @ H37.02     wrong edit +3, restore -3   balance 3 -> 0
      MY8865-K-36  @ H37.02     wrong edit +3, restore -3   balance 3 -> 0
      MY8865-K-37  @ H37.02     wrong edit +2, restore -2   balance 2 -> 0
      MY8865-K-38  @ H37.02     wrong edit +3, restore -3   balance 3 -> 0
      MY8865-K-39  @ H37.02     wrong edit +2, restore -2   balance 2 -> 0
      MY888-12-D-35 @ H59.02     wrong edit -2, restore +2   balance 2 -> 4
      MY888-12-D-36 @ H59.02     wrong edit -2, restore +2   balance 2 -> 4
      MY888-12-D-37 @ H59.02     wrong edit -3, restore +3   balance 3 -> 6
      MY888-12-D-38 @ H59.02     wrong edit -3, restore +3   balance 3 -> 6
      MY888-12-D-39 @ H59.02     wrong edit -2, restore +2   balance 2 -> 4
      MY888-12-D-40 @ H59.02     wrong edit -1, restore +1   balance 1 -> 2
      MY888-12-K-35 @ H59.02     wrong edit -2, restore +2   balance 2 -> 4
      MY888-12-K-36 @ H59.02     wrong edit -3, restore +3   balance 3 -> 6
      MY888-12-K-37 @ H59.02     wrong edit -2, restore +2   balance 2 -> 4
      MY888-12-K-38 @ H59.02     wrong edit -2, restore +2   balance 2 -> 4
      MY888-12-K-39 @ H59.02     wrong edit -2, restore +2   balance 2 -> 4
      MY888-12-K-40 @ H59.02     wrong edit -2, restore +2   balance 2 -> 4
      MY90920-D-35 @ H03.03     wrong edit +3, restore -3   balance 3 -> 0
      MY90920-D-36 @ H03.03     wrong edit +3, restore -3   balance 3 -> 0
      MY90920-D-37 @ H03.03     wrong edit +4, restore -4   balance 4 -> 0
      MY90920-D-38 @ H03.03     wrong edit +3, restore -3   balance 3 -> 0
      MY90920-D-39 @ H03.03     wrong edit +3, restore -3   balance 3 -> 0
      MY90920-K-35 @ H03.03     wrong edit +3, restore -3   balance 3 -> 0
      MY90920-K-36 @ H03.03     wrong edit +4, restore -4   balance 4 -> 0
      MY90920-K-37 @ H03.03     wrong edit +3, restore -3   balance 3 -> 0
      MY90920-K-38 @ H03.03     wrong edit +3, restore -3   balance 3 -> 0
      MY90920-K-39 @ H03.03     wrong edit +2, restore -2   balance 2 -> 0
      MY931-90-D-35 @ Q05.01     wrong edit +3, restore -3   balance 2 -> -1
      MY931-90-D-36 @ Q05.01     wrong edit +5, restore -5   balance 5 -> 0
      MY931-90-D-38 @ Q05.01     wrong edit +5, restore -5   balance 4 -> -1
      MY931-90-D-39 @ Q05.01     wrong edit +3, restore -3   balance 3 -> 0
      MY931-90-K-38 @ Q05.01     wrong edit +5, restore -5   balance 5 -> 0
      MY931-90-K-39 @ Q05.01     wrong edit +4, restore -4   balance 4 -> 0
      MY983-12-D-35 @ Q09.03     wrong edit -3, restore +3   balance 3 -> 6
      MY983-12-D-36 @ Q09.03     wrong edit -4, restore +4   balance 4 -> 8
      MY983-12-D-37 @ Q09.03     wrong edit -3, restore +3   balance 3 -> 6
      MY983-12-D-38 @ Q09.03     wrong edit -3, restore +3   balance 3 -> 6
      MY983-12-D-39 @ Q09.03     wrong edit -3, restore +3   balance 3 -> 6
      MY983-12-DA-35 @ Q09.03     wrong edit -3, restore +3   balance 3 -> 6
      MY983-12-DA-36 @ Q09.03     wrong edit -3, restore +3   balance 3 -> 6
      MY983-12-DA-37 @ Q09.03     wrong edit -4, restore +4   balance 4 -> 8
      MY983-12-DA-38 @ Q09.03     wrong edit -3, restore +3   balance 3 -> 6
      MY983-12-DA-39 @ Q09.03     wrong edit -3, restore +3   balance 3 -> 6
      MY983-13-D-35 @ Q19.04     wrong edit -3, restore +3   balance 3 -> 6
      MY983-13-D-36 @ Q19.04     wrong edit -4, restore +4   balance 4 -> 8
      MY983-13-D-37 @ Q19.04     wrong edit -3, restore +3   balance 3 -> 6
      MY983-13-D-38 @ Q19.04     wrong edit -2, restore +2   balance 1 -> 3
      MY983-13-D-39 @ Q19.04     wrong edit -3, restore +3   balance 2 -> 5
      MY983-13-DA-35 @ Q19.04     wrong edit -3, restore +3   balance 3 -> 6
      MY983-13-DA-36 @ Q19.04     wrong edit -3, restore +3   balance 3 -> 6
      MY983-13-DA-37 @ Q19.04     wrong edit -4, restore +4   balance 4 -> 8
      MY983-13-DA-38 @ Q19.04     wrong edit -3, restore +3   balance 3 -> 6
      MY983-13-DA-39 @ Q19.04     wrong edit -3, restore +3   balance 2 -> 5
      MY9968-22-D-35 @ H48.01     wrong edit +3, restore -3   balance 3 -> 0
      MY9968-22-D-36 @ H48.01     wrong edit +4, restore -4   balance 4 -> 0
      MY9968-22-D-37 @ H48.01     wrong edit +3, restore -3   balance 3 -> 0
      MY9968-22-D-38 @ H48.01     wrong edit +3, restore -3   balance 3 -> 0
      MY9968-22-D-39 @ H48.01     wrong edit +3, restore -3   balance 3 -> 0
      MY9968-22-K-35 @ H48.01     wrong edit +3, restore -3   balance 3 -> 0
      MY9968-22-K-36 @ H48.01     wrong edit +3, restore -3   balance 3 -> 0
      MY9968-22-K-37 @ H48.01     wrong edit +4, restore -4   balance 4 -> 0
      MY9968-22-K-38 @ H48.01     wrong edit +3, restore -3   balance 3 -> 0
      MY9968-22-K-39 @ H48.01     wrong edit +3, restore -3   balance 3 -> 0
      MY9968-6-D-35 @ H61.02     wrong edit +3, restore -3   balance 3 -> 0
      MY9968-6-D-36 @ H61.02     wrong edit +2, restore -2   balance 2 -> 0
      MY9968-6-D-37 @ H61.02     wrong edit +4, restore -4   balance 4 -> 0
      MY9968-6-D-38 @ H61.02     wrong edit +2, restore -2   balance 2 -> 0
      MY9968-6-D-39 @ H61.02     wrong edit +3, restore -3   balance 3 -> 0
      MY9968-6-K-35 @ H61.02     wrong edit +3, restore -3   balance 3 -> 0
      MY9968-6-K-36 @ H61.02     wrong edit +3, restore -3   balance 3 -> 0
      MY9968-6-K-37 @ H61.02     wrong edit +3, restore -3   balance 3 -> 0
      MY9968-6-K-38 @ H61.02     wrong edit +3, restore -3   balance 3 -> 0
      MY9968-6-K-39 @ H61.02     wrong edit +2, restore -2   balance 2 -> 0
      MYA8071-D-35 @ Q14.04     wrong edit +1, restore -1   balance 1 -> 0
      MYA8071-D-37 @ Q14.04     wrong edit +3, restore -3   balance 3 -> 0
      MYA8071-D-38 @ Q14.04     wrong edit +4, restore -4   balance 4 -> 0
      MYA8071-D-39 @ Q14.04     wrong edit +2, restore -2   balance 2 -> 0
      MYA8071-K-35 @ Q14.04     wrong edit +2, restore -2   balance 2 -> 0
      MYA8071-K-36 @ Q14.04     wrong edit +3, restore -3   balance 3 -> 0
      MYA8071-K-37 @ Q14.04     wrong edit +3, restore -3   balance 3 -> 0
      MYA8071-K-38 @ Q14.04     wrong edit +4, restore -4   balance 4 -> 0
      MYA8071-K-39 @ Q14.04     wrong edit +2, restore -2   balance 2 -> 0
      MYA8803-D-35 @ A05.01     wrong edit -2, restore +2   balance 2 -> 4
      MYA8803-D-36 @ A05.01     wrong edit -4, restore +4   balance 3 -> 7
      MYA8803-D-37 @ A05.01     wrong edit -1, restore +1   balance 2 -> 3
      MYA8803-D-38 @ A05.01     wrong edit -2, restore +2   balance 2 -> 4
      MYA8803-D-39 @ A05.01     wrong edit -3, restore +3   balance 2 -> 5
      MYA8803-K-35 @ A05.01     wrong edit -2, restore +2   balance 0 -> 2
      MYA8803-K-36 @ A05.01     wrong edit -1, restore +1   balance 0 -> 1
      MYA8803-K-37 @ A05.01     wrong edit -2, restore +2   balance 2 -> 4
      MYA8803-K-38 @ A05.01     wrong edit -2, restore +2   balance 0 -> 2
      MYF5-19-D-35 @ Q18.04     wrong edit -2, restore +2   balance 2 -> 4
      MYF5-19-D-36 @ Q18.04     wrong edit -3, restore +3   balance 2 -> 5
      MYF5-19-D-37 @ Q18.04     wrong edit -4, restore +4   balance 2 -> 6
      MYF5-19-D-38 @ Q18.04     wrong edit -3, restore +3   balance 2 -> 5
      MYF5-19-D-39 @ Q18.04     wrong edit -3, restore +3   balance 2 -> 5
      MYF5-19-D-40 @ Q18.04     wrong edit -3, restore +3   balance 2 -> 5
      MYF5-19-DO-35 @ Q18.04     wrong edit -3, restore +3   balance 3 -> 6
      MYF5-19-DO-36 @ Q18.04     wrong edit -4, restore +4   balance 4 -> 8
      MYF5-19-DO-37 @ Q18.04     wrong edit -3, restore +3   balance 2 -> 5
      MYF5-19-DO-38 @ Q18.04     wrong edit -3, restore +3   balance 2 -> 5
      MYF5-19-DO-39 @ Q18.04     wrong edit -3, restore +3   balance 0 -> 3
      MYF5-19-DO-40 @ Q18.04     wrong edit -3, restore +3   balance 3 -> 6
      MYF702-K-35  @ B28.03     wrong edit -3, restore +3   balance 2 -> 5
      MYF702-K-36  @ B28.03     wrong edit -3, restore +3   balance 3 -> 6
      MYF702-K-37  @ B28.03     wrong edit -1, restore +1   balance 1 -> 2
      MYF702-K-38  @ B28.03     wrong edit -3, restore +3   balance 3 -> 6
      MYF702-K-39  @ B28.03     wrong edit -3, restore +3   balance 1 -> 4
      MYF702-K-40  @ B28.03     wrong edit -2, restore +2   balance 1 -> 3
      MYF702-XA-35 @ B28.03     wrong edit -3, restore +3   balance 3 -> 6
      MYF702-XA-36 @ B28.03     wrong edit -4, restore +4   balance 4 -> 8
      MYF702-XA-37 @ B28.03     wrong edit -2, restore +2   balance 2 -> 4
      MYF702-XA-38 @ B28.03     wrong edit -2, restore +2   balance 1 -> 3
      MYF702-XA-39 @ B28.03     wrong edit -2, restore +2   balance 2 -> 4
      MYF702-XA-40 @ B28.03     wrong edit -2, restore +2   balance 0 -> 2
      MYF707-N-36  @ Q12.02     wrong edit +7, restore -7   balance 7 -> 0
      MYF707-N-37  @ Q12.02     wrong edit +5, restore -5   balance 4 -> -1
      MYF707-N-38  @ Q12.02     wrong edit +5, restore -5   balance 4 -> -1
      MYF707-N-39  @ Q12.02     wrong edit +3, restore -3   balance 3 -> 0
      MYF707-N-40  @ Q12.02     wrong edit +3, restore -3   balance 3 -> 0
      MYF707-XA-36 @ Q12.02     wrong edit +6, restore -6   balance 5 -> -1
      MYF707-XA-37 @ Q12.02     wrong edit +6, restore -6   balance 3 -> -3
      MYF707-XA-38 @ Q12.02     wrong edit +4, restore -4   balance 3 -> -1
      MYF707-XA-39 @ Q12.02     wrong edit +4, restore -4   balance 3 -> -1
      MYF707-XA-40 @ Q12.02     wrong edit +4, restore -4   balance 3 -> -1
      MYF716-N-35  @ B11.01     wrong edit -3, restore +3   balance 3 -> 6
      MYF716-N-36  @ B11.01     wrong edit -2, restore +2   balance 3 -> 5
      MYF716-N-37  @ B11.01     wrong edit -3, restore +3   balance 2 -> 5
      MYF716-N-38  @ B11.01     wrong edit -3, restore +3   balance 2 -> 5
      MYF716-N-39  @ B11.01     wrong edit -4, restore +4   balance 3 -> 7
      MYF719-D-35  @ B04.03     wrong edit -3, restore +3   balance 3 -> 6
      MYF719-D-36  @ B04.03     wrong edit -3, restore +3   balance 3 -> 6
      MYF719-D-37  @ B04.03     wrong edit -3, restore +3   balance 3 -> 6
      MYF719-D-38  @ B04.03     wrong edit -3, restore +3   balance 3 -> 6
      MYF719-D-39  @ B04.03     wrong edit -4, restore +4   balance 1 -> 5
      MYF719-K-35  @ B04.03     wrong edit -3, restore +3   balance 3 -> 6
      MYF719-K-36  @ B04.03     wrong edit -3, restore +3   balance 2 -> 5
      MYF719-K-37  @ B04.03     wrong edit -3, restore +3   balance 3 -> 6
      MYF719-K-38  @ B04.03     wrong edit -3, restore +3   balance 3 -> 6
      MYF719-K-39  @ B04.03     wrong edit -3, restore +3   balance 2 -> 5
      MYH159-2-D-35 @ Q06.05     wrong edit +2, restore -2   balance 2 -> 0
      MYH159-2-D-36 @ Q06.05     wrong edit +4, restore -4   balance 3 -> -1
      MYH159-2-D-37 @ Q06.05     wrong edit +3, restore -3   balance 0 -> -3
      MYH159-2-D-38 @ Q06.05     wrong edit +4, restore -4   balance 1 -> -3
      MYH159-2-D-39 @ Q06.05     wrong edit +2, restore -2   balance 1 -> -1
      MYH159-2-K-36 @ Q06.05     wrong edit +3, restore -3   balance 2 -> -1
      MYH159-2-K-37 @ Q06.05     wrong edit +4, restore -4   balance 3 -> -1
      MYH159-2-K-38 @ Q06.05     wrong edit +1, restore -1   balance 0 -> -1
      MYH159-2-K-39 @ Q06.05     wrong edit +1, restore -1   balance 2 -> 1
      MYJ2630-D-35 @ H23.01     wrong edit +3, restore -3   balance 3 -> 0
      MYJ2630-D-36 @ H23.01     wrong edit +2, restore -2   balance 1 -> -1
      MYJ2630-D-37 @ H23.01     wrong edit +3, restore -3   balance 2 -> -1
      MYJ2630-D-38 @ H23.01     wrong edit +3, restore -3   balance 3 -> 0
      MYJ2630-D-39 @ H23.01     wrong edit +3, restore -3   balance 3 -> 0
      MYJ2630-K-35 @ H23.01     wrong edit +2, restore -2   balance 2 -> 0
      MYJ2630-K-36 @ H23.01     wrong edit +3, restore -3   balance 3 -> 0
      MYJ2630-K-37 @ H23.01     wrong edit +3, restore -3   balance 3 -> 0
      MYJ2630-K-38 @ H23.01     wrong edit +3, restore -3   balance 3 -> 0
      MYJ2630-K-39 @ H23.01     wrong edit +3, restore -3   balance 3 -> 0
      MYJ2633-D-35 @ H24.03     wrong edit +3, restore -3   balance 3 -> 0
      MYJ2633-D-36 @ H24.03     wrong edit +4, restore -4   balance 4 -> 0
      MYJ2633-D-37 @ H24.03     wrong edit +2, restore -2   balance 2 -> 0
      MYJ2633-D-38 @ H24.03     wrong edit +2, restore -2   balance 2 -> 0
      MYJ2633-D-39 @ H24.03     wrong edit +1, restore -1   balance 1 -> 0
      MYJ2633-TR-35 @ H24.03     wrong edit +3, restore -3   balance 3 -> 0
      MYJ2633-TR-36 @ H24.03     wrong edit +3, restore -3   balance 3 -> 0
      MYJ2633-TR-37 @ H24.03     wrong edit +4, restore -4   balance 4 -> 0
      MYJ2633-TR-38 @ H24.03     wrong edit +3, restore -3   balance 3 -> 0
      MYJ2633-TR-39 @ H24.03     wrong edit +3, restore -3   balance 3 -> 0
      MYK5067-D-36 @ Q13.03     wrong edit +3, restore -3   balance 2 -> -1
      MYK5067-D-37 @ Q13.03     wrong edit +5, restore -5   balance 5 -> 0
      MYK5067-D-38 @ Q13.03     wrong edit +5, restore -5   balance 5 -> 0
      MYK5067-D-39 @ Q13.03     wrong edit +1, restore -1   balance 1 -> 0
      MYK5067-K-35 @ Q13.03     wrong edit +1, restore -1   balance 2 -> 1
      MYK5067-K-36 @ Q13.03     wrong edit +1, restore -1   balance 2 -> 1
      MYK5067-K-37 @ Q13.03     wrong edit +4, restore -4   balance 4 -> 0
      MYK5067-K-38 @ Q13.03     wrong edit +5, restore -5   balance 5 -> 0
      MYK5067-K-39 @ Q13.03     wrong edit +2, restore -2   balance 1 -> -1
      MYK925-TR-37 @ Q26.05     wrong edit +2, restore -2   balance 3 -> 1
      MYK926-D-39  @ H05.01     wrong edit -1, restore +1   balance 1 -> 2
      MYM9012-1-D-35 @ H69.01     wrong edit -3, restore +3   balance 3 -> 6
      MYM9012-1-D-36 @ H69.01     wrong edit -3, restore +3   balance 3 -> 6
      MYM9012-1-D-37 @ H69.01     wrong edit -4, restore +4   balance 4 -> 8
      MYM9012-1-D-38 @ H69.01     wrong edit -3, restore +3   balance 3 -> 6
      MYM9012-1-D-39 @ H69.01     wrong edit -3, restore +3   balance 3 -> 6
      MYM9012-1-K-35 @ H69.01     wrong edit -3, restore +3   balance 3 -> 6
      MYM9012-1-K-36 @ H69.01     wrong edit -4, restore +4   balance 4 -> 8
      MYM9012-1-K-37 @ H69.01     wrong edit -2, restore +2   balance 2 -> 4
      MYM9012-1-K-38 @ H69.01     wrong edit -3, restore +3   balance 3 -> 6
      MYM9012-1-K-39 @ H69.01     wrong edit -3, restore +3   balance 2 -> 5
      OM8202-1R-D-39 @ Y30.04     wrong edit -1, restore +1   balance 1 -> 2
      OM8268-10R-N-41 @ Y06.03     wrong edit +1, restore -1   balance 1 -> 0
      PGIA203-D-35 @ Q20.02     wrong edit +3, restore -3   balance 3 -> 0
      PGIA203-D-36 @ Q20.02     wrong edit +6, restore -6   balance 4 -> -2
      PGIA203-D-37 @ Q20.02     wrong edit +5, restore -5   balance 5 -> 0
      PGIA203-D-38 @ Q20.02     wrong edit +6, restore -6   balance 5 -> -1
      PGIA203-D-39 @ Q20.02     wrong edit +3, restore -3   balance 2 -> -1
      PGIA203-K-35 @ Q20.02     wrong edit +1, restore -1   balance 1 -> 0
      PGIA203-K-37 @ Q20.02     wrong edit +3, restore -3   balance 2 -> -1
      PGIA203-K-38 @ Q20.02     wrong edit +4, restore -4   balance 3 -> -1
      PGIA205-K-36 @ Q21.05     wrong edit +3, restore -3   balance 3 -> 0
      PGIA205-K-37 @ Q21.05     wrong edit +3, restore -3   balance 1 -> -2
      PGIA208-K-36 @ Q30.06     wrong edit -4, restore +4   balance 2 -> 6
      PGIA208-K-37 @ Q30.06     wrong edit +5, restore -5   balance 5 -> 0
      PGIA209-BA-39 @ H20.01     wrong edit +2, restore -2   balance 2 -> 0
      PGIA209-D-39 @ H20.01     wrong edit +2, restore -2   balance 2 -> 0
      PGIA209-K-36 @ H20.01     wrong edit +1, restore -1   balance 1 -> 0
      PGIA209-K-39 @ H20.01     wrong edit +1, restore -1   balance 1 -> 0
      PGIA212-D-35 @ H65.01     wrong edit +4, restore -4   balance 4 -> 0
      PGIA212-D-36 @ H65.01     wrong edit +6, restore -6   balance 6 -> 0
      PGIA212-D-37 @ H65.01     wrong edit +7, restore -7   balance 6 -> -1
      PGIA212-D-38 @ H65.01     wrong edit +5, restore -5   balance 5 -> 0
      PGIA212-D-39 @ H65.01     wrong edit +5, restore -5   balance 3 -> -2
      PGIA212-K-35 @ H65.01     wrong edit +1, restore -1   balance 0 -> -1
      PGIA212-K-36 @ H65.01     wrong edit +6, restore -6   balance 6 -> 0
      PGIA212-K-37 @ H65.01     wrong edit +3, restore -3   balance 0 -> -3
      PGIA212-K-38 @ H65.01     wrong edit +2, restore -2   balance 1 -> -1
      PGIA212-K-39 @ H65.01     wrong edit +2, restore -2   balance 2 -> 0
      PGIA215-D-35 @ H67.02     wrong edit +3, restore -3   balance 3 -> 0
      PGIA215-D-37 @ H67.02     wrong edit +7, restore -7   balance 3 -> -4
      PGIA215-D-38 @ H67.02     wrong edit +6, restore -6   balance 5 -> -1
      PGIA215-D-39 @ H67.02     wrong edit +2, restore -2   balance 2 -> 0
      PGIA215-K-36 @ H67.02     wrong edit +6, restore -6   balance 7 -> 1
      PGIA215-K-38 @ H67.02     wrong edit +5, restore -5   balance 5 -> 0
      PGIA215-K-39 @ H67.02     wrong edit +4, restore -4   balance 4 -> 0
      PGIA217-D-36 @ H17.03     wrong edit +5, restore -5   balance 5 -> 0
      PGIA217-D-37 @ H17.03     wrong edit +3, restore -3   balance 3 -> 0
      PGIA217-D-39 @ H17.03     wrong edit +1, restore -1   balance 1 -> 0
      PGIA217-K-35 @ H17.03     wrong edit +2, restore -2   balance 2 -> 0
      PGIA217-K-36 @ H17.03     wrong edit +2, restore -2   balance 2 -> 0
      PGIA217-K-37 @ H17.03     wrong edit +2, restore -2   balance 2 -> 0
      PGIA217-K-38 @ H17.03     wrong edit +3, restore -3   balance 4 -> 1
      PGIA217-K-39 @ H17.03     wrong edit +1, restore -1   balance 1 -> 0
      PGIA218-BA-35 @ H30.02     wrong edit +1, restore -1   balance 1 -> 0
      PGIA218-BA-36 @ H30.02     wrong edit +1, restore -1   balance 1 -> 0
      PGIA218-BA-37 @ H30.02     wrong edit +4, restore -4   balance 4 -> 0
      PGIA218-D-35 @ H30.02     wrong edit +2, restore -2   balance 2 -> 0
      PGIA218-D-37 @ H30.02     wrong edit +1, restore -1   balance 1 -> 0
      PGIA218-D-38 @ H30.02     wrong edit +1, restore -1   balance 1 -> 0
      PGIA218-D-39 @ H30.02     wrong edit +1, restore -1   balance 1 -> 0
      PGIA225-D-37 @ H32.02     wrong edit +3, restore -3   balance 3 -> 0
      PGIA225-D-38 @ H32.02     wrong edit +2, restore -2   balance 2 -> 0
      PGIA225-K-37 @ H32.02     wrong edit +2, restore -2   balance 2 -> 0
      PGIA225-K-39 @ H32.02     wrong edit +1, restore -1   balance 1 -> 0
      PGIA227-D-39 @ H29.01     wrong edit +2, restore -2   balance 2 -> 0
      PGIA227-K-35 @ H29.01     wrong edit +2, restore -2   balance 1 -> -1
      PGIA228-D-37 @ H18.02     wrong edit +1, restore -1   balance 1 -> 0
      PGIA228-K-37 @ H18.02     wrong edit +1, restore -1   balance 1 -> 0
      PGIA228-K-38 @ H18.02     wrong edit +1, restore -1   balance 0 -> -1
      PGIA228-K-39 @ H18.02     wrong edit +1, restore -1   balance 1 -> 0
      PGIAMT234-D-37 @ Q15.04     wrong edit +4, restore -4   balance 4 -> 0
      PGIAMT235-D-39 @ Q18.02     wrong edit -3, restore +3   balance 3 -> 6
      PGIAMT237-D-35 @ Q25.04     wrong edit +1, restore -1   balance 1 -> 0
      PGIAMT238-D-39 @ H56.02     wrong edit +1, restore -1   balance 1 -> 0
      PGIAMT239-D-35 @ Q13.05     wrong edit -3, restore +3   balance 3 -> 6
      PGIAMT240-D-39 @ Q05.02     wrong edit +4, restore -4   balance 4 -> 0
      PGIAMT240-DO-35 @ Q05.02     wrong edit +1, restore -1   balance 2 -> 1
      PGIAMT240-DO-39 @ Q05.02     wrong edit +1, restore -1   balance 2 -> 1
      PGIAMT241-D-35 @ Q08.02     wrong edit +1, restore -1   balance 2 -> 1
      PGIAMT244-D-35 @ H55.02     wrong edit -2, restore +2   balance 2 -> 4
      PGIAMT244-D-36 @ H55.02     wrong edit -3, restore +3   balance 2 -> 5
      PGIAMT244-D-37 @ H55.02     wrong edit -3, restore +3   balance 3 -> 6
      PGIAMT244-D-38 @ H55.02     wrong edit -1, restore +1   balance 1 -> 2
      PGIAMT244-D-39 @ H55.02     wrong edit -1, restore +1   balance 1 -> 2
      PGIAMT244-K-35 @ H55.02     wrong edit -1, restore +1   balance 1 -> 2
      PGIAMT244-K-36 @ H55.02     wrong edit -2, restore +2   balance 2 -> 4
      PGIAMT244-K-37 @ H55.02     wrong edit -3, restore +3   balance 3 -> 6
      PGIAMT244-K-38 @ H55.02     wrong edit -2, restore +2   balance 3 -> 5
      PGIAMT244-K-39 @ H55.02     wrong edit -2, restore +2   balance 0 -> 2
      PGIAMT245-D-35 @ H62.01     wrong edit -3, restore +3   balance 3 -> 6
      PGIAMT245-D-36 @ H62.01     wrong edit -2, restore +2   balance 1 -> 3
      PGIAMT245-D-37 @ H62.01     wrong edit -4, restore +4   balance 4 -> 8
      PGIAMT245-D-38 @ H62.01     wrong edit -4, restore +4   balance 4 -> 8
      PGIAMT245-D-39 @ H62.01     wrong edit -2, restore +2   balance 2 -> 4
      PGIAMT245-K-35 @ H62.01     wrong edit -1, restore +1   balance 0 -> 1
      PGIAMT245-K-36 @ H62.01     wrong edit -2, restore +2   balance 2 -> 4
      PGIAMT245-K-37 @ H62.01     wrong edit -1, restore +1   balance 1 -> 2
      PGIAMT245-K-38 @ H62.01     wrong edit -1, restore +1   balance 0 -> 1
      PGIAMT245-K-39 @ H62.01     wrong edit -1, restore +1   balance 1 -> 2
      PGIAMT246-BO-35 @ H35.01     wrong edit +1, restore -1   balance 1 -> 0
      PGIAMT246-BO-36 @ H35.01     wrong edit +2, restore -2   balance 2 -> 0
      PGIAMT246-BO-37 @ H35.01     wrong edit +1, restore -1   balance 1 -> 0
      PGIAMT246-BO-38 @ H35.01     wrong edit +1, restore -1   balance 1 -> 0
      PGIAMT246-BO-39 @ H35.01     wrong edit +1, restore -1   balance 1 -> 0
      PGIAMT246-D-35 @ H35.01     wrong edit +1, restore -1   balance 1 -> 0
      PGIAMT246-D-36 @ H35.01     wrong edit +1, restore -1   balance 1 -> 0
      PGIAMT246-D-37 @ H35.01     wrong edit +3, restore -3   balance 2 -> -1
      PGIAMT246-D-38 @ H35.01     wrong edit +1, restore -1   balance 1 -> 0
      PGIAMT246-D-39 @ H35.01     wrong edit +1, restore -1   balance 1 -> 0
      PGIAMT249-D-35 @ H26.03     wrong edit +3, restore -3   balance 2 -> -1
      PGIAMT249-D-36 @ H26.03     wrong edit +4, restore -4   balance 4 -> 0
      PGIAMT249-D-37 @ H26.03     wrong edit +2, restore -2   balance 2 -> 0
      PGIAMT249-D-38 @ H26.03     wrong edit +2, restore -2   balance 2 -> 0
      PGIAMT249-D-39 @ H26.03     wrong edit +2, restore -2   balance 1 -> -1
      PGIAMT249-K-35 @ H26.03     wrong edit +1, restore -1   balance 1 -> 0
      PGIAMT249-K-36 @ H26.03     wrong edit +2, restore -2   balance 2 -> 0
      PGIAMT249-K-37 @ H26.03     wrong edit +1, restore -1   balance 1 -> 0
      PGIAMT249-K-38 @ H26.03     wrong edit +1, restore -1   balance 1 -> 0
      PGIAMT250-D-35 @ H71.01     wrong edit +2, restore -2   balance 2 -> 0
      PGIAMT250-D-36 @ H71.01     wrong edit +8, restore -8   balance 8 -> 0
      PGIAMT250-D-37 @ H71.01     wrong edit +7, restore -7   balance 7 -> 0
      PGIAMT250-D-38 @ H71.01     wrong edit +7, restore -7   balance 6 -> -1
      PGIAMT250-D-39 @ H71.01     wrong edit +3, restore -3   balance 3 -> 0
      PGIAMT250-N-35 @ H71.01     wrong edit +2, restore -2   balance 2 -> 0
      PGIAMT250-N-36 @ H71.01     wrong edit +7, restore -7   balance 6 -> -1
      PGIAMT250-N-37 @ H71.01     wrong edit +7, restore -7   balance 6 -> -1
      PGIAMT250-N-38 @ H71.01     wrong edit +4, restore -4   balance 4 -> 0
      PGIAMT250-N-39 @ H71.01     wrong edit +4, restore -4   balance 3 -> -1
      PGIAMT251-D-35 @ H12.03     wrong edit +3, restore -3   balance 2 -> -1
      PGIAMT251-D-36 @ H12.03     wrong edit +1, restore -1   balance 2 -> 1
      PGIAMT251-D-37 @ H12.03     wrong edit +2, restore -2   balance 3 -> 1
      PGIAMT251-D-38 @ H12.03     wrong edit +3, restore -3   balance 2 -> -1
      PGIAMT251-D-39 @ H12.03     wrong edit +2, restore -2   balance 2 -> 0
      PGIAMT251-DO-35 @ H12.03     wrong edit +3, restore -3   balance 3 -> 0
      PGIAMT251-DO-36 @ H12.03     wrong edit +4, restore -4   balance 4 -> 0
      PGIAMT251-DO-37 @ H12.03     wrong edit +3, restore -3   balance 3 -> 0
      PGIAMT251-DO-38 @ H12.03     wrong edit +2, restore -2   balance 2 -> 0
      PGIAMT251-DO-39 @ H12.03     wrong edit +3, restore -3   balance 3 -> 0
      PGIAMT253-D-35 @ H12.01     wrong edit +2, restore -2   balance 1 -> -1
      PGIAMT253-D-36 @ H12.01     wrong edit +5, restore -5   balance 5 -> 0
      PGIAMT253-D-37 @ H12.01     wrong edit +3, restore -3   balance 3 -> 0
      PGIAMT253-D-38 @ H12.01     wrong edit +5, restore -5   balance 5 -> 0
      PGIAMT253-D-39 @ H12.01     wrong edit +3, restore -3   balance 3 -> 0
      PGIAMT253-V-35 @ H12.01     wrong edit +2, restore -2   balance 2 -> 0
      PGIAMT253-V-36 @ H12.01     wrong edit +1, restore -1   balance 2 -> 1
      PGIAMT253-V-37 @ H12.01     wrong edit +3, restore -3   balance 3 -> 0
      PGIAMT253-V-38 @ H12.01     wrong edit +3, restore -3   balance 3 -> 0
      PGIAMT253-V-39 @ H12.01     wrong edit +1, restore -1   balance 1 -> 0
      PGIAMT254-D-35 @ H27.03     wrong edit +2, restore -2   balance 2 -> 0
      PGIAMT254-D-36 @ H27.03     wrong edit +3, restore -3   balance 3 -> 0
      PGIAMT254-D-37 @ H27.03     wrong edit +1, restore -1   balance 2 -> 1
      PGIAMT254-D-38 @ H27.03     wrong edit +2, restore -2   balance 2 -> 0
      PGIAMT254-D-39 @ H27.03     wrong edit +2, restore -2   balance 1 -> -1
      PGIAMT254-K-35 @ H27.03     wrong edit +1, restore -1   balance 1 -> 0
      PGIAMT254-K-36 @ H27.03     wrong edit +2, restore -2   balance 2 -> 0
      PGIAMT254-K-37 @ H27.03     wrong edit +3, restore -3   balance 2 -> -1
      PGIAMT254-K-38 @ H27.03     wrong edit +1, restore -1   balance 1 -> 0
      PGIAMT254-K-39 @ H27.03     wrong edit +1, restore -1   balance 0 -> -1
      PGIAMT255-D-35 @ H49.01     wrong edit +2, restore -2   balance 2 -> 0
      PGIAMT255-D-36 @ H49.01     wrong edit +1, restore -1   balance 2 -> 1
      PGIAMT255-D-37 @ H49.01     wrong edit +2, restore -2   balance 2 -> 0
      PGIAMT255-D-38 @ H49.01     wrong edit +3, restore -3   balance 3 -> 0
      PGIAMT255-D-39 @ H49.01     wrong edit +2, restore -2   balance 2 -> 0
      PGIAMT255-K-36 @ H49.01     wrong edit +3, restore -3   balance 2 -> -1
      PGIAMT255-K-37 @ H49.01     wrong edit +2, restore -2   balance 0 -> -2
      PGIAMT255-K-38 @ H49.01     wrong edit +2, restore -2   balance 2 -> 0
      PGIAMT255-K-39 @ H49.01     wrong edit +1, restore -1   balance 2 -> 1
      PGIAMT256-D-35 @ H63.02     wrong edit +1, restore -1   balance 3 -> 2
      PGIAMT256-D-37 @ H63.02     wrong edit +1, restore -1   balance 3 -> 2
      PGIAMT256-D-39 @ H63.02     wrong edit +2, restore -2   balance 4 -> 2
      PGIAMT256-K-35 @ H63.02     wrong edit +1, restore -1   balance 2 -> 1
      PGIAMT256-K-37 @ H63.02     wrong edit +3, restore -3   balance 5 -> 2
      PGIAMT256-K-38 @ H63.02     wrong edit +2, restore -2   balance 4 -> 2
      PGIAMT256-K-39 @ H63.02     wrong edit +1, restore -1   balance 2 -> 1
      PGIAMT257-D-35 @ Q18.03     wrong edit +2, restore -2   balance 2 -> 0
      PGIAMT257-D-36 @ Q18.03     wrong edit +1, restore -1   balance 1 -> 0
      PGIAMT257-D-37 @ Q18.03     wrong edit +1, restore -1   balance 1 -> 0
      PGIAMT257-D-38 @ Q18.03     wrong edit +2, restore -2   balance 2 -> 0
      PGIAMT257-D-39 @ Q18.03     wrong edit +2, restore -2   balance 2 -> 0
      PGIAMT257-K-35 @ Q18.03     wrong edit +2, restore -2   balance 2 -> 0
      PGIAMT257-K-36 @ Q18.03     wrong edit +3, restore -3   balance 3 -> 0
      PGIAMT257-K-37 @ Q18.03     wrong edit +2, restore -2   balance 2 -> 0
      PGIAMT257-K-38 @ Q18.03     wrong edit +3, restore -3   balance 3 -> 0
      PGIAMT257-K-39 @ Q18.03     wrong edit +2, restore -2   balance 2 -> 0
      PT664-D-40   @ T31.02     wrong edit +4, restore -4   balance 4 -> 0
      PT664-N-38   @ T31.02     wrong edit +3, restore -3   balance 3 -> 0
      PT664-N-39   @ T31.02     wrong edit +4, restore -4   balance 4 -> 0
      PT664-N-40   @ T31.02     wrong edit +3, restore -3   balance 3 -> 0
      PT664-N-41   @ T31.02     wrong edit +2, restore -2   balance 2 -> 0
      PT664-N-42   @ T31.02     wrong edit +3, restore -3   balance 3 -> 0
      PT664-N-44   @ T31.02     wrong edit +3, restore -3   balance 3 -> 0
      PT780-D-39   @ T21.02     wrong edit +1, restore -1   balance 1 -> 0
      PT780-N-42   @ T21.02     wrong edit +1, restore -1   balance 1 -> 0
      PT788-D-42   @ T32.02     wrong edit +1, restore -1   balance 1 -> 0
      PTTH904-D-41 @ T04.04     wrong edit +4, restore -4   balance 4 -> 0
      PTTH904-N-38 @ T04.04     wrong edit +2, restore -2   balance 2 -> 0
      PTTH906-D-39 @ T29.05     wrong edit +2, restore -2   balance 2 -> 0
      PTTH909-D-38 @ T03.05     wrong edit +2, restore -2   balance 2 -> 0
      PTTH909-D-39 @ T03.05     wrong edit +2, restore -2   balance 2 -> 0
      PTTH909-D-40 @ T03.05     wrong edit +2, restore -2   balance 2 -> 0
      PTTH909-D-41 @ T03.05     wrong edit +2, restore -2   balance 1 -> -1
      PTTH909-D-42 @ T03.05     wrong edit +4, restore -4   balance 4 -> 0
      PTTH909-N-41 @ T03.05     wrong edit +2, restore -2   balance 2 -> 0
      PTTH910-D-38 @ T07.05     wrong edit +2, restore -2   balance 2 -> 0
      PTTH910-D-39 @ T07.05     wrong edit +2, restore -2   balance 2 -> 0
      PTTH910-D-40 @ T07.05     wrong edit +4, restore -4   balance 4 -> 0
      PTTH910-D-41 @ T07.05     wrong edit +2, restore -2   balance 2 -> 0
      PTTH910-X-38 @ T07.05     wrong edit +2, restore -2   balance 2 -> 0
      PTTH910-X-41 @ T07.05     wrong edit +3, restore -3   balance 3 -> 0
      PTTH910-X-44 @ T07.05     wrong edit +2, restore -2   balance 2 -> 0
      PTTH950-D-39 @ T08.04     wrong edit +3, restore -3   balance 3 -> 0
      PTTH950-D-41 @ T08.04     wrong edit +1, restore -1   balance 1 -> 0
      PTTH950-D-42 @ T08.04     wrong edit +3, restore -3   balance 2 -> -1
      PTTH950-D-43 @ T08.04     wrong edit +2, restore -2   balance 2 -> 0
      PTTH950-X-38 @ T08.04     wrong edit +1, restore -1   balance 1 -> 0
      PTTH950-X-41 @ T08.04     wrong edit +3, restore -3   balance 1 -> -2
      PTTH950-X-42 @ T08.04     wrong edit +2, restore -2   balance 2 -> 0
      PTTH954-N-38 @ T30.02     wrong edit +2, restore -2   balance 2 -> 0
      QD437-N-41   @ T44.02     wrong edit -1, restore +1   balance 1 -> 2
      RBK0015-N-44 @ Y06.04     wrong edit +1, restore -1   balance 1 -> 0
      RBK303-D-43  @ Y12.03     wrong edit -1, restore +1   balance 1 -> 2
      RBK303-N-38  @ Y12.03     wrong edit -1, restore +1   balance 1 -> 2
      SAN0169-D-35 @ A01.02     wrong edit -3, restore +3   balance 3 -> 6
      SAN0169-D-36 @ A01.02     wrong edit -4, restore +4   balance 4 -> 8
      SAN0169-D-37 @ A01.02     wrong edit -3, restore +3   balance 3 -> 6
      SAN0169-D-38 @ A01.02     wrong edit -4, restore +4   balance 4 -> 8
      SAN0169-D-39 @ A01.02     wrong edit -3, restore +3   balance 3 -> 6
      SAN0169-TR-35 @ A01.02     wrong edit -3, restore +3   balance 3 -> 6
      SAN0169-TR-36 @ A01.02     wrong edit -3, restore +3   balance 3 -> 6
      SAN0169-TR-37 @ A01.02     wrong edit -4, restore +4   balance 4 -> 8
      SAN0169-TR-38 @ A01.02     wrong edit -4, restore +4   balance 4 -> 8
      SAN0169-TR-39 @ A01.02     wrong edit -2, restore +2   balance 2 -> 4
      SAN1511-D-35 @ A01.01     wrong edit -2, restore +2   balance 3 -> 5
      SAN1511-D-36 @ A01.01     wrong edit -1, restore +1   balance 4 -> 5
      SAN1511-D-37 @ A01.01     wrong edit -3, restore +3   balance 6 -> 9
      SAN1511-D-38 @ A01.01     wrong edit -2, restore +2   balance 3 -> 5
      SAN1511-D-39 @ A01.01     wrong edit -1, restore +1   balance 2 -> 3
      SAN1511-N-35 @ A01.01     wrong edit -1, restore +1   balance 2 -> 3
      SAN1511-N-36 @ A01.01     wrong edit -2, restore +2   balance 5 -> 7
      SAN1511-N-37 @ A01.01     wrong edit -2, restore +2   balance 5 -> 7
      SAN1511-N-38 @ A01.01     wrong edit -2, restore +2   balance 3 -> 5
      SAN1511-N-39 @ A01.01     wrong edit -2, restore +2   balance 4 -> 6
      SAN1511-TR-35 @ A01.01     wrong edit -3, restore +3   balance 5 -> 8
      SAN1511-TR-36 @ A01.01     wrong edit -3, restore +3   balance 6 -> 9
      SAN1511-TR-37 @ A01.01     wrong edit -1, restore +1   balance 2 -> 3
      SAN1511-TR-39 @ A01.01     wrong edit -2, restore +2   balance 2 -> 4
      SAN1516-D-35 @ A05.04     wrong edit -2, restore +2   balance 2 -> 4
      SAN1516-D-36 @ A05.04     wrong edit -2, restore +2   balance 3 -> 5
      SAN1516-D-37 @ A05.04     wrong edit -2, restore +2   balance 1 -> 3
      SAN1516-D-38 @ A05.04     wrong edit -3, restore +3   balance 2 -> 5
      SAN1516-D-39 @ A05.04     wrong edit -2, restore +2   balance 1 -> 3
      SAN1516-N-35 @ A05.04     wrong edit -3, restore +3   balance 3 -> 6
      SAN1516-N-36 @ A05.04     wrong edit -4, restore +4   balance 3 -> 7
      SAN1516-N-37 @ A05.04     wrong edit -3, restore +3   balance 4 -> 7
      SAN1516-N-38 @ A05.04     wrong edit -2, restore +2   balance 2 -> 4
      SAN1516-N-39 @ A05.04     wrong edit -1, restore +1   balance 1 -> 2
      SAN1516-TR-35 @ A05.04     wrong edit -3, restore +3   balance 2 -> 5
      SAN1516-TR-36 @ A05.04     wrong edit -3, restore +3   balance 3 -> 6
      SAN1516-TR-37 @ A05.04     wrong edit -3, restore +3   balance 4 -> 7
      SAN1516-TR-38 @ A05.04     wrong edit -1, restore +1   balance 2 -> 3
      SAN1516-TR-39 @ A05.04     wrong edit -2, restore +2   balance 2 -> 4
      SAN1530-D-35 @ B06.03     wrong edit -3, restore +3   balance 3 -> 6
      SAN1530-D-36 @ B06.03     wrong edit -3, restore +3   balance 3 -> 6
      SAN1530-D-37 @ B06.03     wrong edit -3, restore +3   balance 3 -> 6
      SAN1530-D-38 @ B06.03     wrong edit -4, restore +4   balance 4 -> 8
      SAN1530-D-39 @ B06.03     wrong edit -3, restore +3   balance 2 -> 5
      SAN1530-X-35 @ B06.03     wrong edit -2, restore +2   balance 2 -> 4
      SAN1530-X-36 @ B06.03     wrong edit -4, restore +4   balance 4 -> 8
      SAN1530-X-37 @ B06.03     wrong edit -3, restore +3   balance 3 -> 6
      SAN1530-X-38 @ B06.03     wrong edit -3, restore +3   balance 3 -> 6
      SAN1530-X-39 @ B06.03     wrong edit -2, restore +2   balance 1 -> 3
      SAN316-D-35  @ Q21.02     wrong edit -2, restore +2   balance 2 -> 4
      SAN316-D-36  @ Q21.02     wrong edit -4, restore +4   balance 4 -> 8
      SAN316-D-37  @ Q21.02     wrong edit -3, restore +3   balance 3 -> 6
      SAN316-D-39  @ Q21.02     wrong edit -1, restore +1   balance 1 -> 2
      SAN316-K-36  @ Q21.02     wrong edit -1, restore +1   balance 2 -> 3
      SAN316-K-37  @ Q21.02     wrong edit -2, restore +2   balance 1 -> 3
      SAN316-K-39  @ Q21.02     wrong edit -2, restore +2   balance 2 -> 4
      SAN316-N-35  @ Q21.02     wrong edit -3, restore +3   balance 3 -> 6
      SAN316-N-36  @ Q21.02     wrong edit -2, restore +2   balance 1 -> 3
      SAN316-N-37  @ Q21.02     wrong edit -1, restore +1   balance 2 -> 3
      SAN316-N-38  @ Q21.02     wrong edit -3, restore +3   balance 2 -> 5
      SAN316-N-39  @ Q21.02     wrong edit -3, restore +3   balance 1 -> 4
      SAN512-D-35  @ B15.04     wrong edit -3, restore +3   balance 3 -> 6
      SAN512-D-36  @ B15.04     wrong edit -3, restore +3   balance 2 -> 5
      SAN512-D-37  @ B15.04     wrong edit -3, restore +3   balance 3 -> 6
      SAN512-D-38  @ B15.04     wrong edit -4, restore +4   balance 4 -> 8
      SAN512-D-39  @ B15.04     wrong edit -3, restore +3   balance 3 -> 6
      SAN512-TR-35 @ B15.04     wrong edit -3, restore +3   balance 3 -> 6
      SAN512-TR-36 @ B15.04     wrong edit -4, restore +4   balance 4 -> 8
      SAN512-TR-37 @ B15.04     wrong edit -2, restore +2   balance 2 -> 4
      SAN512-TR-38 @ B15.04     wrong edit -3, restore +3   balance 3 -> 6
      SAN512-TR-39 @ B15.04     wrong edit -2, restore +2   balance 2 -> 4
      SAN581-D-35  @ B21.03     wrong edit -3, restore +3   balance 3 -> 6
      SAN581-D-36  @ B21.03     wrong edit -4, restore +4   balance 4 -> 8
      SAN581-D-37  @ B21.03     wrong edit -3, restore +3   balance 4 -> 7
      SAN581-D-38  @ B21.03     wrong edit -4, restore +4   balance 4 -> 8
      SAN581-D-39  @ B21.03     wrong edit -2, restore +2   balance 2 -> 4
      SAN581-XA-35 @ B21.03     wrong edit -3, restore +3   balance 3 -> 6
      SAN581-XA-36 @ B21.03     wrong edit -2, restore +2   balance 3 -> 5
      SAN581-XA-37 @ B21.03     wrong edit -4, restore +4   balance 4 -> 8
      SAN581-XA-38 @ B21.03     wrong edit -4, restore +4   balance 4 -> 8
      SAN581-XA-39 @ B21.03     wrong edit -3, restore +3   balance 2 -> 5
      SAN583-D-35  @ A10.03     wrong edit -3, restore +3   balance 3 -> 6
      SAN583-D-36  @ A10.03     wrong edit -3, restore +3   balance 3 -> 6
      SAN583-D-37  @ A10.03     wrong edit -3, restore +3   balance 3 -> 6
      SAN583-D-38  @ A10.03     wrong edit -4, restore +4   balance 4 -> 8
      SAN583-D-39  @ A10.03     wrong edit -3, restore +3   balance 3 -> 6
      SAN583-TR-35 @ A10.03     wrong edit -3, restore +3   balance 3 -> 6
      SAN583-TR-36 @ A10.03     wrong edit -3, restore +3   balance 3 -> 6
      SAN583-TR-37 @ A10.03     wrong edit -4, restore +4   balance 4 -> 8
      SAN583-TR-38 @ A10.03     wrong edit -4, restore +4   balance 4 -> 8
      SAN583-TR-39 @ A10.03     wrong edit -3, restore +3   balance 3 -> 6
      SAN7846-D-38 @ A02.05     wrong edit -4, restore +4   balance 4 -> 8
      SAN7855-BO-38 @ Q04.06     wrong edit -1, restore +1   balance 0 -> 1
      SAN7855-BO-39 @ Q04.06     wrong edit -1, restore +1   balance 1 -> 2
      SAN7856-D-35 @ B10.03     wrong edit -2, restore +2   balance 2 -> 4
      SAN7856-D-36 @ B10.03     wrong edit -3, restore +3   balance 3 -> 6
      SAN7856-D-37 @ B10.03     wrong edit -1, restore +1   balance 1 -> 2
      SAN7856-D-38 @ B10.03     wrong edit -3, restore +3   balance 3 -> 6
      SAN7856-D-39 @ B10.03     wrong edit -1, restore +1   balance 1 -> 2
      SAN7856-K-35 @ B10.03     wrong edit -3, restore +3   balance 3 -> 6
      SAN7856-K-36 @ B10.03     wrong edit -1, restore +1   balance 3 -> 4
      SAN7856-K-37 @ B10.03     wrong edit -2, restore +2   balance 2 -> 4
      SAN7856-K-38 @ B10.03     wrong edit -3, restore +3   balance 2 -> 5
      SAN7856-K-39 @ B10.03     wrong edit -1, restore +1   balance 0 -> 1
      SAN7859-D-35 @ B14.03     wrong edit -3, restore +3   balance 3 -> 6
      SAN7859-D-36 @ B14.03     wrong edit -4, restore +4   balance 4 -> 8
      SAN7859-D-37 @ B14.03     wrong edit -2, restore +2   balance 2 -> 4
      SAN7859-D-38 @ B14.03     wrong edit -4, restore +4   balance 4 -> 8
      SAN7859-D-39 @ B14.03     wrong edit -3, restore +3   balance 2 -> 5
      SAN7859-K-35 @ B14.03     wrong edit -3, restore +3   balance 3 -> 6
      SAN7859-K-36 @ B14.03     wrong edit -3, restore +3   balance 3 -> 6
      SAN7859-K-37 @ B14.03     wrong edit -4, restore +4   balance 3 -> 7
      SAN7859-K-38 @ B14.03     wrong edit -4, restore +4   balance 4 -> 8
      SAN7859-K-39 @ B14.03     wrong edit -2, restore +2   balance 2 -> 4
      SAN929-D-35  @ B08.02     wrong edit -2, restore +2   balance 2 -> 4
      SAN929-D-36  @ B08.02     wrong edit -3, restore +3   balance 3 -> 6
      SAN929-D-37  @ B08.02     wrong edit -3, restore +3   balance 3 -> 6
      SAN929-D-38  @ B08.02     wrong edit -3, restore +3   balance 3 -> 6
      SAN929-D-39  @ B08.02     wrong edit -4, restore +4   balance 4 -> 8
      SAN929-N-35  @ B08.02     wrong edit -3, restore +3   balance 3 -> 6
      SAN929-N-36  @ B08.02     wrong edit -2, restore +2   balance 2 -> 4
      SAN929-N-37  @ B08.02     wrong edit -2, restore +2   balance 2 -> 4
      SAN929-N-38  @ B08.02     wrong edit -3, restore +3   balance 3 -> 6
      SAN929-N-39  @ B08.02     wrong edit -2, restore +2   balance 2 -> 4
      SAN952-N-39  @ C20.05     wrong edit +1, restore -1   balance 0 -> -1
      SANA721-BO-35 @ A07.03     wrong edit -3, restore +3   balance 3 -> 6
      SANA721-BO-36 @ A07.03     wrong edit -2, restore +2   balance 2 -> 4
      SANA721-BO-37 @ A07.03     wrong edit -3, restore +3   balance 3 -> 6
      SANA721-BO-38 @ A07.03     wrong edit -3, restore +3   balance 3 -> 6
      SANA721-BO-39 @ A07.03     wrong edit -1, restore +1   balance 1 -> 2
      SANA721-D-35 @ A07.03     wrong edit -3, restore +3   balance 3 -> 6
      SANA721-D-36 @ A07.03     wrong edit -3, restore +3   balance 3 -> 6
      SANA721-D-37 @ A07.03     wrong edit -4, restore +4   balance 3 -> 7
      SANA721-D-38 @ A07.03     wrong edit -3, restore +3   balance 4 -> 7
      SANA721-D-39 @ A07.03     wrong edit -2, restore +2   balance 2 -> 4
      SANA721-K-35 @ A07.03     wrong edit -3, restore +3   balance 3 -> 6
      SANA721-K-36 @ A07.03     wrong edit -3, restore +3   balance 2 -> 5
      SANA721-K-37 @ A07.03     wrong edit -2, restore +2   balance 1 -> 3
      SANA721-K-38 @ A07.03     wrong edit -3, restore +3   balance 2 -> 5
      SANA721-K-39 @ A07.03     wrong edit -3, restore +3   balance 2 -> 5
      SANL804-D-39 @ T22.05     wrong edit -2, restore +2   balance 2 -> 4
      SANL804-D-40 @ T22.05     wrong edit -2, restore +2   balance 3 -> 5
      SANL804-D-41 @ T22.05     wrong edit -3, restore +3   balance 6 -> 9
      SANL804-D-42 @ T22.05     wrong edit -2, restore +2   balance 4 -> 6
      SANL804-D-43 @ T22.05     wrong edit -1, restore +1   balance 1 -> 2
      SANL804-N-39 @ T22.05     wrong edit -1, restore +1   balance 2 -> 3
      SANL804-N-40 @ T22.05     wrong edit -1, restore +1   balance 4 -> 5
      SANL804-N-41 @ T22.05     wrong edit -3, restore +3   balance 5 -> 8
      SANL804-XA-40 @ T22.05     wrong edit -2, restore +2   balance 4 -> 6
      SANL804-XA-41 @ T22.05     wrong edit -1, restore +1   balance 4 -> 5
      SANL804-XA-42 @ T22.05     wrong edit -2, restore +2   balance 3 -> 5
      SANL804-XA-43 @ T22.05     wrong edit -3, restore +3   balance 3 -> 6
      TAU17-03-D-38 @ T27.05     wrong edit -1, restore +1   balance 1 -> 2
      TAU17-03-D-43 @ T27.05     wrong edit -1, restore +1   balance 1 -> 2
      TAU17-06-D-38 @ T26.02     wrong edit -1, restore +1   balance 1 -> 2
      TAU17-07-N-44 @ T16.03     wrong edit +2, restore -2   balance 2 -> 0
      TAU17-10-D-40 @ T13.05     wrong edit +4, restore -4   balance 4 -> 0
      TAU17-13-N-40 @ T28.03     wrong edit +1, restore -1   balance 1 -> 0
      TAU17-30-N-38 @ T15.03     wrong edit +3, restore -3   balance 3 -> 0
      TAU17-30-N-44 @ T15.03     wrong edit +1, restore -1   balance 1 -> 0
      TAU1708-D-38 @ T14.03     wrong edit +2, restore -2   balance 2 -> 0
      TAU1708-D-39 @ T14.03     wrong edit +2, restore -2   balance 2 -> 0
      TAU1708-D-40 @ T14.03     wrong edit +2, restore -2   balance 1 -> -1
      TAU1708-D-41 @ T14.03     wrong edit +1, restore -1   balance 1 -> 0
      TAU1708-D-42 @ T14.03     wrong edit +5, restore -5   balance 5 -> 0
      TAU1708-D-43 @ T14.03     wrong edit +2, restore -2   balance 2 -> 0
      TAU1708-D-44 @ T14.03     wrong edit +2, restore -2   balance 2 -> 0
      TAU1708-N-38 @ T14.03     wrong edit +3, restore -3   balance 3 -> 0
      TAU1708-N-40 @ T14.03     wrong edit +2, restore -2   balance 0 -> -2
      TAU1708-N-41 @ T14.03     wrong edit +2, restore -2   balance 2 -> 0
      TAU1708-N-42 @ T14.03     wrong edit +4, restore -4   balance 3 -> -1
      TAU1714-D-38 @ T23.02     wrong edit +3, restore -3   balance 3 -> 0
      TAU1714-D-39 @ T23.02     wrong edit +3, restore -3   balance 3 -> 0
      TAU1714-D-40 @ T23.02     wrong edit +2, restore -2   balance 2 -> 0
      TAU1714-D-41 @ T23.02     wrong edit +1, restore -1   balance 2 -> 1
      TAU1714-D-42 @ T23.02     wrong edit +4, restore -4   balance 3 -> -1
      TAU1714-D-44 @ T23.02     wrong edit +2, restore -2   balance 2 -> 0
      TAU1714-N-38 @ T23.02     wrong edit +3, restore -3   balance 3 -> 0
      TAU1714-N-39 @ T23.02     wrong edit +3, restore -3   balance 3 -> 0
      TAU1714-N-40 @ T23.02     wrong edit +2, restore -2   balance 2 -> 0
      TAU1714-N-41 @ T23.02     wrong edit +4, restore -4   balance 4 -> 0
      TAU1714-N-42 @ T23.02     wrong edit +1, restore -1   balance 2 -> 1
      TH10004-K-37 @ B24.01     wrong edit +1, restore -1   balance 1 -> 0
      TH10004-K-38 @ B24.01     wrong edit -1, restore +1   balance 1 -> 2
      TH10004-K-39 @ B24.01     wrong edit +1, restore -1   balance 1 -> 0
      TH10087-K-39 @ B26.05     wrong edit -1, restore +1   balance 1 -> 2
      TH10190-D-36 @ A13.05     wrong edit +2, restore -2   balance 2 -> 0
      TH10190-D-37 @ A13.05     wrong edit +3, restore -3   balance 3 -> 0
      TH10190-D-38 @ A13.05     wrong edit +1, restore -1   balance 1 -> 0
      TH10190-K-35 @ A13.05     wrong edit +2, restore -2   balance 2 -> 0
      TH10190-K-36 @ A13.05     wrong edit +2, restore -2   balance 1 -> -1
      TH10190-K-37 @ A13.05     wrong edit +1, restore -1   balance 2 -> 1
      TH10190-K-38 @ A13.05     wrong edit +3, restore -3   balance 3 -> 0
      TH10190-K-39 @ A13.05     wrong edit +3, restore -3   balance 2 -> -1
      TH10335-D-35 @ A02.02     wrong edit +2, restore -2   balance 2 -> 0
      TH10335-D-36 @ A02.02     wrong edit +2, restore -2   balance 2 -> 0
      TH10335-D-37 @ A02.02     wrong edit +4, restore -4   balance 4 -> 0
      TH10335-D-38 @ A02.02     wrong edit +4, restore -4   balance 4 -> 0
      TH10335-D-39 @ A02.02     wrong edit +3, restore -3   balance 3 -> 0
      TH10335-DO-35 @ A02.02     wrong edit +1, restore -1   balance 1 -> 0
      TH10335-DO-36 @ A02.02     wrong edit +3, restore -3   balance 3 -> 0
      TH10335-DO-37 @ A02.02     wrong edit +3, restore -3   balance 3 -> 0
      TH10335-DO-38 @ A02.02     wrong edit +3, restore -3   balance 3 -> 0
      TH10335-DO-39 @ A02.02     wrong edit +2, restore -2   balance 2 -> 0
      TH10344-D-35 @ A06.05     wrong edit +5, restore -5   balance 5 -> 0
      TH10344-D-36 @ A06.05     wrong edit +5, restore -5   balance 5 -> 0
      TH10344-D-37 @ A06.05     wrong edit +5, restore -5   balance 5 -> 0
      TH10344-D-38 @ A06.05     wrong edit +4, restore -4   balance 4 -> 0
      TH10344-D-39 @ A06.05     wrong edit +3, restore -3   balance 3 -> 0
      TH10344-DO-35 @ A06.05     wrong edit +2, restore -2   balance 2 -> 0
      TH10344-DO-36 @ A06.05     wrong edit +4, restore -4   balance 4 -> 0
      TH10344-DO-37 @ A06.05     wrong edit +2, restore -2   balance 2 -> 0
      TH10344-DO-38 @ A06.05     wrong edit +3, restore -3   balance 3 -> 0
      TH10344-DO-39 @ A06.05     wrong edit +3, restore -3   balance 3 -> 0
      TH10349-D-35 @ A05.02     wrong edit +4, restore -4   balance 4 -> 0
      TH10349-D-36 @ A05.02     wrong edit +7, restore -7   balance 7 -> 0
      TH10349-D-37 @ A05.02     wrong edit +5, restore -5   balance 5 -> 0
      TH10349-D-38 @ A05.02     wrong edit +4, restore -4   balance 4 -> 0
      TH10349-D-39 @ A05.02     wrong edit +3, restore -3   balance 3 -> 0
      TH10349-K-35 @ A05.02     wrong edit +4, restore -4   balance 4 -> 0
      TH10349-K-36 @ A05.02     wrong edit +6, restore -6   balance 5 -> -1
      TH10349-K-37 @ A05.02     wrong edit +6, restore -6   balance 6 -> 0
      TH10349-K-38 @ A05.02     wrong edit +5, restore -5   balance 5 -> 0
      TH10349-K-39 @ A05.02     wrong edit +2, restore -2   balance 2 -> 0
      TH10391-D-35 @ A03.04     wrong edit +4, restore -4   balance 4 -> 0
      TH10391-D-36 @ A03.04     wrong edit +6, restore -6   balance 6 -> 0
      TH10391-D-37 @ A03.04     wrong edit +4, restore -4   balance 5 -> 1
      TH10391-D-38 @ A03.04     wrong edit +3, restore -3   balance 2 -> -1
      TH10391-D-39 @ A03.04     wrong edit +2, restore -2   balance 2 -> 0
      TH10391-K-35 @ A03.04     wrong edit +3, restore -3   balance 3 -> 0
      TH10391-K-36 @ A03.04     wrong edit +4, restore -4   balance 5 -> 1
      TH10391-K-37 @ A03.04     wrong edit +5, restore -5   balance 3 -> -2
      TH10391-K-38 @ A03.04     wrong edit +5, restore -5   balance 3 -> -2
      TH10391-K-39 @ A03.04     wrong edit +3, restore -3   balance 3 -> 0
      TH10395-D-35 @ A10.05     wrong edit +1, restore -1   balance 1 -> 0
      TH10395-D-36 @ A10.05     wrong edit +2, restore -2   balance 2 -> 0
      TH10395-D-37 @ A10.05     wrong edit +1, restore -1   balance 1 -> 0
      TH10395-D-38 @ A10.05     wrong edit +3, restore -3   balance 3 -> 0
      TH10395-D-39 @ A10.05     wrong edit +2, restore -2   balance 2 -> 0
      TH10395-DO-35 @ A10.05     wrong edit +1, restore -1   balance 1 -> 0
      TH10395-DO-36 @ A10.05     wrong edit +3, restore -3   balance 3 -> 0
      TH10395-DO-37 @ A10.05     wrong edit +2, restore -2   balance 2 -> 0
      TH10395-DO-38 @ A10.05     wrong edit +2, restore -2   balance 2 -> 0
      TH10395-DO-39 @ A10.05     wrong edit +2, restore -2   balance 1 -> -1
      TH10520-D-35 @ B05.05     wrong edit -1, restore +1   balance 1 -> 2
      TH10520-D-36 @ B05.05     wrong edit -1, restore +1   balance 1 -> 2
      TH10520-D-37 @ B05.05     wrong edit -3, restore +3   balance 3 -> 6
      TH10520-D-38 @ B05.05     wrong edit -1, restore +1   balance 1 -> 2
      TH10520-D-39 @ B05.05     wrong edit -2, restore +2   balance 2 -> 4
      TH10520-K-35 @ B05.05     wrong edit -2, restore +2   balance 2 -> 4
      TH10520-K-36 @ B05.05     wrong edit -1, restore +1   balance 1 -> 2
      TH10520-K-37 @ B05.05     wrong edit -2, restore +2   balance 2 -> 4
      TH10520-K-38 @ B05.05     wrong edit -2, restore +2   balance 2 -> 4
      TH10520-K-39 @ B05.05     wrong edit -2, restore +2   balance 2 -> 4
      TH10521-CC-35 @ A06.01     wrong edit -2, restore +2   balance 2 -> 4
      TH10521-CC-36 @ A06.01     wrong edit -3, restore +3   balance 3 -> 6
      TH10521-CC-37 @ A06.01     wrong edit -1, restore +1   balance 1 -> 2
      TH10521-CC-38 @ A06.01     wrong edit -2, restore +2   balance 2 -> 4
      TH10521-CC-39 @ A06.01     wrong edit -2, restore +2   balance 2 -> 4
      TH10521-D-35 @ A06.01     wrong edit -2, restore +2   balance 2 -> 4
      TH10521-D-36 @ A06.01     wrong edit -1, restore +1   balance 0 -> 1
      TH10521-D-37 @ A06.01     wrong edit -2, restore +2   balance 2 -> 4
      TH10521-D-38 @ A06.01     wrong edit -2, restore +2   balance 2 -> 4
      TH10521-D-39 @ A06.01     wrong edit -2, restore +2   balance 2 -> 4
      TH10522-D-35 @ A14.04     wrong edit -2, restore +2   balance 2 -> 4
      TH10522-D-36 @ A14.04     wrong edit -2, restore +2   balance 2 -> 4
      TH10522-D-37 @ A14.04     wrong edit -2, restore +2   balance 2 -> 4
      TH10522-D-38 @ A14.04     wrong edit -2, restore +2   balance 2 -> 4
      TH10522-D-39 @ A14.04     wrong edit -1, restore +1   balance 1 -> 2
      TH10522-K-35 @ A14.04     wrong edit -2, restore +2   balance 2 -> 4
      TH10522-K-36 @ A14.04     wrong edit -3, restore +3   balance 3 -> 6
      TH10522-K-37 @ A14.04     wrong edit -2, restore +2   balance 2 -> 4
      TH10522-K-38 @ A14.04     wrong edit -2, restore +2   balance 1 -> 3
      TH10522-K-39 @ A14.04     wrong edit -2, restore +2   balance 2 -> 4
      TH9789-D-35  @ B28.05     wrong edit -1, restore +1   balance 1 -> 2
      TH9864-K-35  @ Q01.06     wrong edit -1, restore +1   balance 0 -> 1
      THU0067-3-D-43 @ Y25.03     wrong edit +3, restore -3   balance 3 -> 0
      THU0583-D-38 @ Y09.03     wrong edit -1, restore +1   balance 1 -> 2
      THU0583-D-39 @ Y09.03     wrong edit +3, restore -3   balance 3 -> 0
      THU0583-D-40 @ Y09.03     wrong edit -4, restore +4   balance 4 -> 8
      THU0583-D-42 @ Y09.03     wrong edit -3, restore +3   balance 3 -> 6
      THU0583-N-38 @ Y09.03     wrong edit -2, restore +2   balance 2 -> 4
      THU0583-N-39 @ Y09.03     wrong edit -1, restore +1   balance 1 -> 2
      THU159-4-D-35 @ B22.02     wrong edit -3, restore +3   balance 3 -> 6
      THU159-4-D-36 @ B22.02     wrong edit -3, restore +3   balance 4 -> 7
      THU159-4-D-37 @ B22.02     wrong edit -4, restore +4   balance 3 -> 7
      THU159-4-D-38 @ B22.02     wrong edit -3, restore +3   balance 3 -> 6
      THU159-4-D-39 @ B22.02     wrong edit -2, restore +2   balance 2 -> 4
      THU159-4-D-40 @ B22.02     wrong edit -2, restore +2   balance 2 -> 4
      THU159-4-DA-35 @ B22.02     wrong edit -3, restore +3   balance 3 -> 6
      THU159-4-DA-36 @ B22.02     wrong edit -4, restore +4   balance 4 -> 8
      THU159-4-DA-37 @ B22.02     wrong edit -3, restore +3   balance 3 -> 6
      THU159-4-DA-38 @ B22.02     wrong edit -3, restore +3   balance 3 -> 6
      THU159-4-DA-39 @ B22.02     wrong edit -2, restore +2   balance 2 -> 4
      THU159-4-DA-40 @ B22.02     wrong edit -2, restore +2   balance 2 -> 4
      THU171801-D-38 @ Y34.01     wrong edit +3, restore -3   balance 3 -> 0
      THU171801-N-38 @ Y34.01     wrong edit +2, restore -2   balance 2 -> 0
      THU171802-D-38 @ Y22.03     wrong edit +2, restore -2   balance 2 -> 0
      THU19902-D-38 @ Y03.02     wrong edit -1, restore +1   balance 1 -> 2
      THU19902-D-39 @ Y03.02     wrong edit -3, restore +3   balance 3 -> 6
      THU19902-D-40 @ Y03.02     wrong edit -2, restore +2   balance 2 -> 4
      THU19902-D-41 @ Y03.02     wrong edit -4, restore +4   balance 4 -> 8
      THU19902-D-42 @ Y03.02     wrong edit -2, restore +2   balance 2 -> 4
      THU19902-D-43 @ Y03.02     wrong edit -1, restore +1   balance 1 -> 2
      THU19902-N-38 @ Y03.02     wrong edit -2, restore +2   balance 2 -> 4
      THU19902-N-40 @ Y03.02     wrong edit -3, restore +3   balance 3 -> 6
      THU20183-6-D-40 @ Y03.03     wrong edit +2, restore -2   balance 2 -> 0
      THU20183-6-D-42 @ Y03.03     wrong edit +2, restore -2   balance 2 -> 0
      THU23066-1-N-38 @ Y12.02     wrong edit +1, restore -1   balance 1 -> 0
      THU28-T4-D-38 @ Y18.02     wrong edit +2, restore -2   balance 1 -> -1
      THU28-T4-N-38 @ Y18.02     wrong edit +2, restore -2   balance 2 -> 0
      THU28-T4-N-39 @ Y18.02     wrong edit +2, restore -2   balance 2 -> 0
      THU295-011-D-42 @ Y17.02     wrong edit +2, restore -2   balance 2 -> 0
      THU295-011-N-40 @ Y17.02     wrong edit +1, restore -1   balance 1 -> 0
      THU2F198-1-D-44 @ Y29.03     wrong edit +2, restore -2   balance 2 -> 0
      THU2F198-1-D-45 @ Y29.03     wrong edit +1, restore -1   balance 1 -> 0
      THU30731-D-35 @ B06.02     wrong edit -3, restore +3   balance 3 -> 6
      THU30731-D-36 @ B06.02     wrong edit -3, restore +3   balance 3 -> 6
      THU30731-D-37 @ B06.02     wrong edit -3, restore +3   balance 3 -> 6
      THU30731-D-38 @ B06.02     wrong edit -3, restore +3   balance 3 -> 6
      THU30731-D-39 @ B06.02     wrong edit -1, restore +1   balance 1 -> 2
      THU30731-N-35 @ B06.02     wrong edit -3, restore +3   balance 3 -> 6
      THU30731-N-36 @ B06.02     wrong edit -3, restore +3   balance 3 -> 6
      THU30731-N-37 @ B06.02     wrong edit -3, restore +3   balance 3 -> 6
      THU30731-N-38 @ B06.02     wrong edit -3, restore +3   balance 2 -> 5
      THU30731-N-39 @ B06.02     wrong edit -2, restore +2   balance 2 -> 4
      THU4003-1-D-35 @ B06.05     wrong edit -2, restore +2   balance 1 -> 3
      THU4003-1-D-36 @ B06.05     wrong edit -1, restore +1   balance 1 -> 2
      THU4003-1-D-37 @ B06.05     wrong edit -3, restore +3   balance 3 -> 6
      THU4003-1-D-38 @ B06.05     wrong edit -3, restore +3   balance 3 -> 6
      THU4003-1-D-39 @ B06.05     wrong edit -2, restore +2   balance 2 -> 4
      THU4003-1-N-35 @ B06.05     wrong edit -1, restore +1   balance 1 -> 2
      THU4003-1-N-36 @ B06.05     wrong edit -3, restore +3   balance 3 -> 6
      THU4003-1-N-37 @ B06.05     wrong edit -1, restore +1   balance 1 -> 2
      THU4003-1-N-38 @ B06.05     wrong edit -1, restore +1   balance 0 -> 1
      THU4003-1-N-39 @ B06.05     wrong edit -2, restore +2   balance 2 -> 4
      THU4003-6-BO-35 @ B03.03     wrong edit -3, restore +3   balance 3 -> 6
      THU4003-6-BO-36 @ B03.03     wrong edit -3, restore +3   balance 2 -> 5
      THU4003-6-BO-37 @ B03.03     wrong edit -4, restore +4   balance 4 -> 8
      THU4003-6-BO-38 @ B03.03     wrong edit -3, restore +3   balance 3 -> 6
      THU4003-6-BO-39 @ B03.03     wrong edit -2, restore +2   balance 2 -> 4
      THU4003-6-BO-40 @ B03.03     wrong edit -2, restore +2   balance 2 -> 4
      THU4003-6-N-35 @ B03.03     wrong edit -3, restore +3   balance 3 -> 6
      THU4003-6-N-36 @ B03.03     wrong edit -4, restore +4   balance 2 -> 6
      THU4003-6-N-37 @ B03.03     wrong edit -3, restore +3   balance 4 -> 7
      THU4003-6-N-38 @ B03.03     wrong edit -3, restore +3   balance 3 -> 6
      THU4003-6-N-39 @ B03.03     wrong edit -2, restore +2   balance 2 -> 4
      THU4003-6-N-40 @ B03.03     wrong edit -2, restore +2   balance 2 -> 4
      THU45-A5-D-39 @ A06.02     wrong edit +1, restore -1   balance 1 -> 0
      THU45-A5-K-35 @ A06.02     wrong edit +1, restore -1   balance 2 -> 1
      THU45-A5-K-36 @ A06.02     wrong edit +1, restore -1   balance 1 -> 0
      THU45-A5-K-38 @ A06.02     wrong edit +1, restore -1   balance 2 -> 1
      THU5072-D-39 @ Y15.03     wrong edit +2, restore -2   balance 2 -> 0
      THU5072-D-43 @ Y15.03     wrong edit +1, restore -1   balance 1 -> 0
      THU618-1-D-35 @ B31.03     wrong edit -1, restore +1   balance 1 -> 2
      THU618-1-D-36 @ B31.03     wrong edit -2, restore +2   balance 2 -> 4
      THU618-1-K-35 @ B31.03     wrong edit -3, restore +3   balance 3 -> 6
      THU618-1-K-36 @ B31.03     wrong edit -2, restore +2   balance 1 -> 3
      THU618-1-K-37 @ B31.03     wrong edit -2, restore +2   balance 0 -> 2
      THU618-1-K-39 @ B31.03     wrong edit -1, restore +1   balance 1 -> 2
      THU6288-6-D-35 @ Q10.04     wrong edit +1, restore -1   balance 2 -> 1
      THU650-N-38  @ Y34.02     wrong edit +1, restore -1   balance 1 -> 0
      THU6707-N-41 @ Y04.03     wrong edit +3, restore -3   balance 3 -> 0
      THU7125-1-D-38 @ E29.03     wrong edit +2, restore -2   balance 2 -> 0
      THU7125-1-D-39 @ E29.03     wrong edit +2, restore -2   balance 2 -> 0
      THU7125-1-D-40 @ E29.03     wrong edit +2, restore -2   balance 2 -> 0
      THU7126-1-D-40 @ Y28.04     wrong edit +4, restore -4   balance 3 -> -1
      THU726-08A-D-38 @ Y09.04     wrong edit +2, restore -2   balance 2 -> 0
      THU7262V-D-38 @ Y24.04     wrong edit -1, restore +1   balance 1 -> 2
      THU7262V-D-41 @ Y24.04     wrong edit +3, restore -3   balance 2 -> -1
      THU7262V-D-43 @ Y24.04     wrong edit +1, restore -1   balance 1 -> 0
      THU7262V-N-38 @ Y24.04     wrong edit -1, restore +1   balance 1 -> 2
      THU851-8-N-42 @ Y06.01     wrong edit +1, restore -1   balance 1 -> 0
      THU8626-A8-DO-35 @ Q10.02     wrong edit +2, restore -2   balance 2 -> 0
      THU8626-A8-K-35 @ Q10.02     wrong edit +1, restore -1   balance 1 -> 0
      THU8626-A8-K-39 @ Q10.02     wrong edit +2, restore -2   balance 2 -> 0
      THU8928-7-D-36 @ Q19.01     wrong edit +4, restore -4   balance 2 -> -2
      THU8928-7-D-38 @ Q19.01     wrong edit +3, restore -3   balance 3 -> 0
      THU8928-7-D-40 @ Q19.01     wrong edit +2, restore -2   balance 1 -> -1
      THU8928-7-K-36 @ Q19.01     wrong edit +3, restore -3   balance 1 -> -2
      THU8928-7-K-37 @ Q19.01     wrong edit +1, restore -1   balance 2 -> 1
      THU8928-7-K-38 @ Q19.01     wrong edit +3, restore -3   balance 2 -> -1
      THU8928-7-K-40 @ Q19.01     wrong edit +1, restore -1   balance 2 -> 1
      THU955-9-D-35 @ B06.04     wrong edit -3, restore +3   balance 3 -> 6
      THU955-9-D-36 @ B06.04     wrong edit -4, restore +4   balance 4 -> 8
      THU955-9-D-37 @ B06.04     wrong edit -3, restore +3   balance 3 -> 6
      THU955-9-D-38 @ B06.04     wrong edit -2, restore +2   balance 2 -> 4
      THU955-9-D-39 @ B06.04     wrong edit -1, restore +1   balance 1 -> 2
      THU955-9-N-35 @ B06.04     wrong edit -3, restore +3   balance 3 -> 6
      THU955-9-N-36 @ B06.04     wrong edit -4, restore +4   balance 4 -> 8
      THU955-9-N-37 @ B06.04     wrong edit -2, restore +2   balance 2 -> 4
      THU955-9-N-38 @ B06.04     wrong edit -3, restore +3   balance 3 -> 6
      THU955-9-N-39 @ B06.04     wrong edit -1, restore +1   balance 1 -> 2
      THU992-18-D-35 @ A16.05     wrong edit +3, restore -3   balance 3 -> 0
      THU992-18-D-36 @ A16.05     wrong edit +4, restore -4   balance 4 -> 0
      THU992-18-D-37 @ A16.05     wrong edit +2, restore -2   balance 2 -> 0
      THU992-18-D-38 @ A16.05     wrong edit +2, restore -2   balance 2 -> 0
      THU992-18-D-39 @ A16.05     wrong edit +1, restore -1   balance 0 -> -1
      THU992-18-N-38 @ A16.05     wrong edit +2, restore -2   balance 2 -> 0
      THU992-18-N-39 @ A16.05     wrong edit +2, restore -2   balance 2 -> 0
      THU992-18-TR-39 @ A16.05     wrong edit +2, restore -2   balance 1 -> -1
      THUB021-11-D-38 @ Y21.03     wrong edit +2, restore -2   balance 2 -> 0
      THUB021-11-D-43 @ Y21.03     wrong edit +3, restore -3   balance 3 -> 0
      THUB968-A22-D-39 @ B12.03     wrong edit +1, restore -1   balance 1 -> 0
      THUB968-A22-X-35 @ B12.03     wrong edit +2, restore -2   balance 1 -> -1
      THUB968-A22-X-38 @ B12.03     wrong edit +1, restore -1   balance 1 -> 0
      THUB968-A22-X-39 @ B12.03     wrong edit +1, restore -1   balance 1 -> 0
      THUB992-23-D-38 @ B08.04     wrong edit +1, restore -1   balance 1 -> 0
      THUB992-23-D-39 @ B08.04     wrong edit +1, restore -1   balance 1 -> 0
      THUB992-23-N-37 @ B08.04     wrong edit +2, restore -2   balance 2 -> 0
      THUB992-23-N-38 @ B08.04     wrong edit +1, restore -1   balance 1 -> 0
      THUB992-23-N-39 @ B08.04     wrong edit +2, restore -2   balance 2 -> 0
      THUJH85-2-D-35 @ H40.01     wrong edit +1, restore -1   balance 1 -> 0
      THUL1902-1-D-35 @ H64.01     wrong edit -2, restore +2   balance 2 -> 4
      THUL1902-1-D-36 @ H64.01     wrong edit -3, restore +3   balance 2 -> 5
      THUL1902-1-D-37 @ H64.01     wrong edit -2, restore +2   balance 1 -> 3
      THUL1902-1-D-38 @ H64.01     wrong edit -2, restore +2   balance 1 -> 3
      THUL1902-1-D-39 @ H64.01     wrong edit -2, restore +2   balance 0 -> 2
      THUL1902-1-D-40 @ H64.01     wrong edit -1, restore +1   balance 0 -> 1
      THUL1902-1-K-35 @ H64.01     wrong edit -3, restore +3   balance 2 -> 5
      THUL1902-1-K-36 @ H64.01     wrong edit -1, restore +1   balance 2 -> 3
      THUL1902-1-K-37 @ H64.01     wrong edit -3, restore +3   balance 2 -> 5
      THUL1902-1-K-38 @ H64.01     wrong edit -2, restore +2   balance 2 -> 4
      THUL1902-1-K-39 @ H64.01     wrong edit -2, restore +2   balance 2 -> 4
      THUL1902-1-K-40 @ H64.01     wrong edit -2, restore +2   balance 1 -> 3
      THUL1902-4-D-35 @ H70.01     wrong edit -3, restore +3   balance 3 -> 6
      THUL1902-4-D-36 @ H70.01     wrong edit -2, restore +2   balance 2 -> 4
      THUL1902-4-D-37 @ H70.01     wrong edit -2, restore +2   balance 1 -> 3
      THUL1902-4-D-38 @ H70.01     wrong edit -2, restore +2   balance 0 -> 2
      THUL1902-4-D-39 @ H70.01     wrong edit -2, restore +2   balance 0 -> 2
      THUL1902-4-D-40 @ H70.01     wrong edit -1, restore +1   balance 1 -> 2
      THUL1902-4-K-35 @ H70.01     wrong edit -1, restore +1   balance 1 -> 2
      THUL1902-4-K-36 @ H70.01     wrong edit -2, restore +2   balance 2 -> 4
      THUL1902-4-K-37 @ H70.01     wrong edit -3, restore +3   balance 1 -> 4
      THUL1902-4-K-38 @ H70.01     wrong edit -2, restore +2   balance 2 -> 4
      THUL1902-4-K-39 @ H70.01     wrong edit -2, restore +2   balance 1 -> 3
      THUL1902-4-K-40 @ H70.01     wrong edit -2, restore +2   balance 0 -> 2
      THUS851-20-N-38 @ Y08.01     wrong edit +2, restore -2   balance 2 -> 0
      THUS851-20-N-39 @ Y08.01     wrong edit +3, restore -3   balance 3 -> 0
      THUS851-20-N-41 @ Y08.01     wrong edit +4, restore -4   balance 4 -> 0
      THUV1-761-D-39 @ Y30.02     wrong edit +3, restore -3   balance 3 -> 0
      THUV1-761-N-39 @ Y30.02     wrong edit +3, restore -3   balance 3 -> 0
      THUV1-761-N-41 @ Y30.02     wrong edit +3, restore -3   balance 3 -> 0
      THUV1-761-N-43 @ Y30.02     wrong edit +2, restore -2   balance 2 -> 0
      THUX1-V421-D-38 @ Y22.02     wrong edit +1, restore -1   balance 1 -> 0
      THUX1-V422-D-39 @ Y32.03     wrong edit +4, restore -4   balance 4 -> 0
      THUX1-V422-D-43 @ Y32.03     wrong edit +1, restore -1   balance 1 -> 0
      THUX1-V422-N-40 @ Y32.03     wrong edit +3, restore -3   balance 3 -> 0
      THY5311-1-D-35 @ Q02.05     wrong edit +1, restore -1   balance 1 -> 0
      THY5311-1-D-39 @ Q02.05     wrong edit +1, restore -1   balance 1 -> 0
      THY735-8-DA-39 @ B25.03     wrong edit +1, restore -1   balance 1 -> 0
      THY96205-DA-39 @ Q08.06     wrong edit +1, restore -1   balance 1 -> 0
      TILAD1-D-38  @ T04.03     wrong edit +1, restore -1   balance 1 -> 0
      TILAD1-D-39  @ T04.03     wrong edit +1, restore -1   balance 1 -> 0
      TILAD1-D-40  @ T04.03     wrong edit +1, restore -1   balance 0 -> -1
      TILAD1-D-41  @ T04.03     wrong edit +1, restore -1   balance 1 -> 0
      TILAD1-D-42  @ T04.03     wrong edit +1, restore -1   balance 1 -> 0
      TILAD1-D-43  @ T04.03     wrong edit +1, restore -1   balance 0 -> -1
      TILAD1-D-44  @ T04.03     wrong edit +1, restore -1   balance 1 -> 0
      TILAD1-TR-38 @ T04.03     wrong edit +3, restore -3   balance 3 -> 0
      TILAD1-TR-39 @ T04.03     wrong edit +2, restore -2   balance 2 -> 0
      TILAD1-TR-40 @ T04.03     wrong edit +4, restore -4   balance 4 -> 0
      TILAF31-D-44 @ T27.04     wrong edit +2, restore -2   balance 2 -> 0
      TILAF31-X-42 @ T27.04     wrong edit +2, restore -2   balance 1 -> -1
      TILAF31-X-44 @ T27.04     wrong edit +2, restore -2   balance 2 -> 0
      TILAF32-X-38 @ T33.04     wrong edit +1, restore -1   balance 1 -> 0
      TILAF36-D-38 @ T23.03     wrong edit -1, restore +1   balance 1 -> 2
      TILAF36-D-39 @ T23.03     wrong edit -3, restore +3   balance 3 -> 6
      TILAF36-D-40 @ T23.03     wrong edit -4, restore +4   balance 4 -> 8
      TILAF36-D-41 @ T23.03     wrong edit -2, restore +2   balance 2 -> 4
      TILAF36-D-42 @ T23.03     wrong edit -1, restore +1   balance 2 -> 3
      TILAF36-D-43 @ T23.03     wrong edit -2, restore +2   balance 2 -> 4
      TILAF36-D-44 @ T23.03     wrong edit -2, restore +2   balance 0 -> 2
      TILAF36-X-38 @ T23.03     wrong edit -2, restore +2   balance 2 -> 4
      TILAF36-X-39 @ T23.03     wrong edit -2, restore +2   balance 2 -> 4
      TILAF36-X-40 @ T23.03     wrong edit -3, restore +3   balance 2 -> 5
      TILAF36-X-41 @ T23.03     wrong edit -3, restore +3   balance 2 -> 5
      TILAF36-X-42 @ T23.03     wrong edit -3, restore +3   balance 1 -> 4
      TILAF36-X-43 @ T23.03     wrong edit -3, restore +3   balance 3 -> 6
      TILAF37-D-38 @ T12.03     wrong edit -2, restore +2   balance 2 -> 4
      TILAF37-D-39 @ T12.03     wrong edit -3, restore +3   balance 3 -> 6
      TILAF37-D-40 @ T12.03     wrong edit -3, restore +3   balance 3 -> 6
      TILAF37-D-41 @ T12.03     wrong edit -3, restore +3   balance 3 -> 6
      TILAF37-D-42 @ T12.03     wrong edit -3, restore +3   balance 3 -> 6
      TILAF37-D-43 @ T12.03     wrong edit -3, restore +3   balance 2 -> 5
      TILAF37-D-44 @ T12.03     wrong edit -2, restore +2   balance 2 -> 4
      TILAF37-X-38 @ T12.03     wrong edit -2, restore +2   balance 2 -> 4
      TILAF37-X-39 @ T12.03     wrong edit -3, restore +3   balance 2 -> 5
      TILAF37-X-40 @ T12.03     wrong edit -3, restore +3   balance 3 -> 6
      TILAF37-X-41 @ T12.03     wrong edit -2, restore +2   balance 1 -> 3
      TILAF37-X-42 @ T12.03     wrong edit -2, restore +2   balance 1 -> 3
      TILAF37-X-43 @ T12.03     wrong edit -1, restore +1   balance 2 -> 3
      TILAF37-X-44 @ T12.03     wrong edit -2, restore +2   balance 1 -> 3
      TILAF38-D-38 @ T19.05     wrong edit -2, restore +2   balance 1 -> 3
      TILAF38-D-39 @ T19.05     wrong edit -3, restore +3   balance 3 -> 6
      TILAF38-D-40 @ T19.05     wrong edit -3, restore +3   balance 2 -> 5
      TILAF38-D-41 @ T19.05     wrong edit -4, restore +4   balance 4 -> 8
      TILAF38-D-42 @ T19.05     wrong edit -3, restore +3   balance 1 -> 4
      TILAF38-D-43 @ T19.05     wrong edit -3, restore +3   balance 3 -> 6
      TILAF38-D-44 @ T19.05     wrong edit -2, restore +2   balance 0 -> 2
      TILAF38-RU-38 @ T19.05     wrong edit -2, restore +2   balance 2 -> 4
      TILAF38-RU-39 @ T19.05     wrong edit -3, restore +3   balance 3 -> 6
      TILAF38-RU-40 @ T19.05     wrong edit -4, restore +4   balance 3 -> 7
      TILAF38-RU-41 @ T19.05     wrong edit -3, restore +3   balance 2 -> 5
      TILAF38-RU-42 @ T19.05     wrong edit -3, restore +3   balance 3 -> 6
      TILAF38-RU-43 @ T19.05     wrong edit -3, restore +3   balance 3 -> 6
      TILAF38-RU-44 @ T19.05     wrong edit -2, restore +2   balance 1 -> 3
      TILAF3S-D-38 @ T13.04     wrong edit +2, restore -2   balance 2 -> 0
      TILAF3S-D-40 @ T13.04     wrong edit +2, restore -2   balance 2 -> 0
      TILAF3S-D-42 @ T13.04     wrong edit +1, restore -1   balance 0 -> -1
      TILAF3S-D-43 @ T13.04     wrong edit +3, restore -3   balance 1 -> -2
      TILAF3S-D-44 @ T13.04     wrong edit +2, restore -2   balance 0 -> -2
      TILAF3S-X-44 @ T13.04     wrong edit +1, restore -1   balance 0 -> -1
      TILAF56-D-42 @ T08.06     wrong edit +3, restore -3   balance 3 -> 0
      TILAF56-D-44 @ T08.06     wrong edit +1, restore -1   balance 1 -> 0
      TILAF56-X-42 @ T08.06     wrong edit +3, restore -3   balance 2 -> -1
      TN2146-D-38  @ G07.04     wrong edit +1, restore -1   balance 1 -> 0
      TN2146-D-39  @ G07.04     wrong edit +1, restore -1   balance 1 -> 0
      TN2146-D-40  @ G07.04     wrong edit +2, restore -2   balance 2 -> 0
      TN2146-D-41  @ G07.04     wrong edit +1, restore -1   balance 1 -> 0
      TN2146-D-42  @ G07.04     wrong edit +2, restore -2   balance 2 -> 0
      TN2146-D-43  @ G07.04     wrong edit +2, restore -2   balance 2 -> 0
      TN2146-D-44  @ G07.04     wrong edit +1, restore -1   balance 1 -> 0
      TN2423-D-42  @ E22.04     wrong edit -3, restore +3   balance 3 -> 6
      TN2423-N-41  @ E22.04     wrong edit -3, restore +3   balance 3 -> 6
      TN2423-N-44  @ E22.04     wrong edit -2, restore +2   balance 2 -> 4
      TN641-D-39   @ G01.04     wrong edit -1, restore +1   balance 1 -> 2
      TNTY2338-N-43 @ E13.03     wrong edit -1, restore +1   balance 1 -> 2
      TOAN1232-N-39 @ E04.02     wrong edit +2, restore -2   balance 2 -> 0
      TOAN141-D-38 @ T22.04     wrong edit +2, restore -2   balance 2 -> 0
      TOAN141-D-39 @ T22.04     wrong edit +5, restore -5   balance 4 -> -1
      TOAN141-D-40 @ T22.04     wrong edit +4, restore -4   balance 3 -> -1
      TOAN141-D-41 @ T22.04     wrong edit +4, restore -4   balance 3 -> -1
      TOAN141-D-42 @ T22.04     wrong edit +4, restore -4   balance 2 -> -2
      TOAN141-D-43 @ T22.04     wrong edit +4, restore -4   balance 3 -> -1
      TOAN141-N-38 @ T22.04     wrong edit +3, restore -3   balance 3 -> 0
      TOAN141-N-39 @ T22.04     wrong edit +3, restore -3   balance 3 -> 0
      TOAN141-N-40 @ T22.04     wrong edit +6, restore -6   balance 5 -> -1
      TOAN141-N-41 @ T22.04     wrong edit +3, restore -3   balance 2 -> -1
      TOAN141-N-42 @ T22.04     wrong edit +4, restore -4   balance 4 -> 0
      TOAN141-N-43 @ T22.04     wrong edit +3, restore -3   balance 3 -> 0
      TOAN183-BO-38 @ T24.02     wrong edit +2, restore -2   balance 2 -> 0
      TOAN183-BO-39 @ T24.02     wrong edit +4, restore -4   balance 4 -> 0
      TOAN183-BO-40 @ T24.02     wrong edit +3, restore -3   balance 3 -> 0
      TOAN183-BO-41 @ T24.02     wrong edit +3, restore -3   balance 3 -> 0
      TOAN183-BO-42 @ T24.02     wrong edit +1, restore -1   balance 1 -> 0
      TOAN183-BO-43 @ T24.02     wrong edit +1, restore -1   balance 2 -> 1
      TOAN183-BO-44 @ T24.02     wrong edit +2, restore -2   balance 0 -> -2
      TOAN183-D-38 @ T24.02     wrong edit +2, restore -2   balance 2 -> 0
      TOAN183-D-39 @ T24.02     wrong edit +3, restore -3   balance 3 -> 0
      TOAN183-D-40 @ T24.02     wrong edit +4, restore -4   balance 4 -> 0
      TOAN183-D-41 @ T24.02     wrong edit +3, restore -3   balance 2 -> -1
      TOAN183-D-42 @ T24.02     wrong edit +2, restore -2   balance 2 -> 0
      TOAN183-D-43 @ T24.02     wrong edit +3, restore -3   balance 3 -> 0
      TOAN183-D-44 @ T24.02     wrong edit +3, restore -3   balance 3 -> 0
      TOAND12-D-40 @ G04.02     wrong edit +2, restore -2   balance 1 -> -1
      TOAND12-D-42 @ G04.02     wrong edit +3, restore -3   balance 3 -> 0
      TOAND12-D-43 @ G04.02     wrong edit +1, restore -1   balance 1 -> 0
      TOAND12-D-44 @ G04.02     wrong edit +1, restore -1   balance 1 -> 0
      TP2602-D-35  @ B11.03     wrong edit -1, restore +1   balance 0 -> 1
      TP2602-D-36  @ B11.03     wrong edit -2, restore +2   balance 3 -> 5
      TP2602-D-37  @ B11.03     wrong edit -3, restore +3   balance 3 -> 6
      TP2602-D-38  @ B11.03     wrong edit -3, restore +3   balance 2 -> 5
      TP2602-D-39  @ B11.03     wrong edit -1, restore +1   balance 1 -> 2
      TP2602-DA-35 @ B11.03     wrong edit -2, restore +2   balance 1 -> 3
      TP2602-DA-36 @ B11.03     wrong edit -3, restore +3   balance 3 -> 6
      TP2602-DA-37 @ B11.03     wrong edit -2, restore +2   balance 1 -> 3
      TP2602-DA-38 @ B11.03     wrong edit -3, restore +3   balance 3 -> 6
      TP2602-DA-39 @ B11.03     wrong edit -2, restore +2   balance 2 -> 4
      TP2607-D-35  @ B24.04     wrong edit -2, restore +2   balance 2 -> 4
      TP2607-D-36  @ B24.04     wrong edit -3, restore +3   balance 3 -> 6
      TP2607-D-37  @ B24.04     wrong edit -2, restore +2   balance 2 -> 4
      TP2607-D-38  @ B24.04     wrong edit -3, restore +3   balance 3 -> 6
      TP2607-D-39  @ B24.04     wrong edit -2, restore +2   balance 2 -> 4
      TP2607-DO-35 @ B24.04     wrong edit -2, restore +2   balance 2 -> 4
      TP2607-DO-36 @ B24.04     wrong edit -2, restore +2   balance 2 -> 4
      TP2607-DO-37 @ B24.04     wrong edit -3, restore +3   balance 3 -> 6
      TP2607-DO-38 @ B24.04     wrong edit -3, restore +3   balance 3 -> 6
      TP2607-DO-39 @ B24.04     wrong edit -2, restore +2   balance 2 -> 4
      TP2611-D-35  @ A08.04     wrong edit -2, restore +2   balance 2 -> 4
      TP2611-D-36  @ A08.04     wrong edit -3, restore +3   balance 3 -> 6
      TP2611-D-37  @ A08.04     wrong edit -2, restore +2   balance 2 -> 4
      TP2611-D-38  @ A08.04     wrong edit -3, restore +3   balance 3 -> 6
      TP2611-D-39  @ A08.04     wrong edit -2, restore +2   balance 2 -> 4
      TP2611-N-35  @ A08.04     wrong edit -2, restore +2   balance 2 -> 4
      TP2611-N-36  @ A08.04     wrong edit -2, restore +2   balance 2 -> 4
      TP2611-N-37  @ A08.04     wrong edit -3, restore +3   balance 3 -> 6
      TP2611-N-38  @ A08.04     wrong edit -3, restore +3   balance 3 -> 6
      TP2611-N-39  @ A08.04     wrong edit -2, restore +2   balance 2 -> 4
      TP2612-D-35  @ B10.04     wrong edit -2, restore +2   balance 2 -> 4
      TP2612-D-36  @ B10.04     wrong edit -2, restore +2   balance 2 -> 4
      TP2612-D-37  @ B10.04     wrong edit -3, restore +3   balance 3 -> 6
      TP2612-D-38  @ B10.04     wrong edit -3, restore +3   balance 3 -> 6
      TP2612-D-39  @ B10.04     wrong edit -2, restore +2   balance 2 -> 4
      TP2612-N-35  @ B10.04     wrong edit -2, restore +2   balance 2 -> 4
      TP2612-N-36  @ B10.04     wrong edit -3, restore +3   balance 3 -> 6
      TP2612-N-37  @ B10.04     wrong edit -2, restore +2   balance 2 -> 4
      TP2612-N-38  @ B10.04     wrong edit -2, restore +2   balance 2 -> 4
      TP2612-N-39  @ B10.04     wrong edit -2, restore +2   balance 2 -> 4
      TP3178-CF-35 @ B05.04     wrong edit -2, restore +2   balance 1 -> 3
      TP3178-CF-36 @ B05.04     wrong edit -2, restore +2   balance 3 -> 5
      TP3178-CF-37 @ B05.04     wrong edit -2, restore +2   balance 2 -> 4
      TP3178-CF-38 @ B05.04     wrong edit -3, restore +3   balance 3 -> 6
      TP3178-CF-39 @ B05.04     wrong edit -2, restore +2   balance 2 -> 4
      TP3178-D-35  @ B05.04     wrong edit -2, restore +2   balance 2 -> 4
      TP3178-D-36  @ B05.04     wrong edit -2, restore +2   balance 3 -> 5
      TP3178-D-37  @ B05.04     wrong edit -3, restore +3   balance 3 -> 6
      TP3178-D-38  @ B05.04     wrong edit -3, restore +3   balance 3 -> 6
      TP3178-D-39  @ B05.04     wrong edit -2, restore +2   balance 2 -> 4
      TP3385-CF-35 @ A09.04     wrong edit -2, restore +2   balance 2 -> 4
      TP3385-CF-36 @ A09.04     wrong edit -3, restore +3   balance 3 -> 6
      TP3385-CF-37 @ A09.04     wrong edit -2, restore +2   balance 3 -> 5
      TP3385-CF-38 @ A09.04     wrong edit -3, restore +3   balance 3 -> 6
      TP3385-CF-39 @ A09.04     wrong edit -2, restore +2   balance 2 -> 4
      TP3385-D-35  @ A09.04     wrong edit -1, restore +1   balance 1 -> 2
      TP3385-D-36  @ A09.04     wrong edit -2, restore +2   balance 3 -> 5
      TP3385-D-37  @ A09.04     wrong edit -2, restore +2   balance 2 -> 4
      TP3385-D-38  @ A09.04     wrong edit -3, restore +3   balance 3 -> 6
      TP3385-D-39  @ A09.04     wrong edit -2, restore +2   balance 1 -> 3
      TP3430-D-35  @ A13.02     wrong edit -1, restore +1   balance 1 -> 2
      TP3430-D-36  @ A13.02     wrong edit -2, restore +2   balance 2 -> 4
      TP3430-D-37  @ A13.02     wrong edit -3, restore +3   balance 3 -> 6
      TP3430-D-38  @ A13.02     wrong edit -3, restore +3   balance 3 -> 6
      TP3430-D-39  @ A13.02     wrong edit -2, restore +2   balance 2 -> 4
      TP3430-DO-35 @ A13.02     wrong edit -2, restore +2   balance 2 -> 4
      TP3430-DO-36 @ A13.02     wrong edit -3, restore +3   balance 3 -> 6
      TP3430-DO-37 @ A13.02     wrong edit -2, restore +2   balance 3 -> 5
      TP3430-DO-38 @ A13.02     wrong edit -3, restore +3   balance 3 -> 6
      TP3430-DO-39 @ A13.02     wrong edit -2, restore +2   balance 2 -> 4
      TRUC078-B4-N-36 @ B13.03     wrong edit +3, restore -3   balance 2 -> -1
      TRUC078-B4-N-40 @ B13.03     wrong edit +1, restore -1   balance 1 -> 0
      TRUC1109-A1-D-37 @ Q24.05     wrong edit +4, restore -4   balance 4 -> 0
      TRUC1109-A1-D-38 @ Q24.05     wrong edit +3, restore -3   balance 3 -> 0
      TRUC1109-A1-K-35 @ Q24.05     wrong edit +2, restore -2   balance 2 -> 0
      TRUC1109-A1-K-36 @ Q24.05     wrong edit +2, restore -2   balance 1 -> -1
      TRUC1109-A1-K-37 @ Q24.05     wrong edit +4, restore -4   balance 3 -> -1
      TRUC1109-A1-K-38 @ Q24.05     wrong edit +2, restore -2   balance 2 -> 0
      TRUC1109-A1-K-39 @ Q24.05     wrong edit +2, restore -2   balance 2 -> 0
      TRUC1185-D-35 @ Q22.04     wrong edit +2, restore -2   balance 2 -> 0
      TRUC1185-D-36 @ Q22.04     wrong edit +3, restore -3   balance 3 -> 0
      TRUC1185-D-37 @ Q22.04     wrong edit +4, restore -4   balance 4 -> 0
      TRUC1185-D-38 @ Q22.04     wrong edit +3, restore -3   balance 2 -> -1
      TRUC1185-D-39 @ Q22.04     wrong edit +2, restore -2   balance 2 -> 0
      TRUC119-4-D-36 @ B22.03     wrong edit +4, restore -4   balance 4 -> 0
      TRUC119-4-D-38 @ B22.03     wrong edit +5, restore -5   balance 5 -> 0
      TRUC119-4-K-36 @ B22.03     wrong edit +1, restore -1   balance 1 -> 0
      TRUC1880-12-D-35 @ Q01.02     wrong edit +2, restore -2   balance 1 -> -1
      TRUC1880-12-D-36 @ Q01.02     wrong edit +1, restore -1   balance 1 -> 0
      TRUC1880-12-D-37 @ Q01.02     wrong edit +2, restore -2   balance 2 -> 0
      TRUC1880-12-K-36 @ Q01.02     wrong edit +2, restore -2   balance 2 -> 0
      TRUC1880-12-K-37 @ Q01.02     wrong edit +2, restore -2   balance 2 -> 0
      TRUC1880-12-K-38 @ Q01.02     wrong edit +3, restore -3   balance 3 -> 0
      TRUC2025-N1-D-35 @ A08.01     wrong edit -2, restore +2   balance 2 -> 4
      TRUC2025-N1-D-36 @ A08.01     wrong edit -4, restore +4   balance 4 -> 8
      TRUC2025-N1-D-37 @ A08.01     wrong edit -3, restore +3   balance 3 -> 6
      TRUC2025-N1-D-38 @ A08.01     wrong edit -3, restore +3   balance 3 -> 6
      TRUC2025-N1-D-39 @ A08.01     wrong edit -2, restore +2   balance 2 -> 4
      TRUC2025-N1-N-35 @ A08.01     wrong edit -2, restore +2   balance 2 -> 4
      TRUC2025-N1-N-36 @ A08.01     wrong edit -3, restore +3   balance 3 -> 6
      TRUC2025-N1-N-37 @ A08.01     wrong edit -3, restore +3   balance 3 -> 6
      TRUC2025-N1-N-38 @ A08.01     wrong edit -3, restore +3   balance 3 -> 6
      TRUC2025-N1-N-39 @ A08.01     wrong edit -3, restore +3   balance 3 -> 6
      TRUC2026-3-D-35 @ A03.02     wrong edit -3, restore +3   balance 3 -> 6
      TRUC2026-3-D-36 @ A03.02     wrong edit -4, restore +4   balance 2 -> 6
      TRUC2026-3-D-37 @ A03.02     wrong edit -3, restore +3   balance 4 -> 7
      TRUC2026-3-D-38 @ A03.02     wrong edit -3, restore +3   balance 2 -> 5
      TRUC2026-3-D-39 @ A03.02     wrong edit -3, restore +3   balance 2 -> 5
      TRUC2026-3-DA-35 @ A03.02     wrong edit -3, restore +3   balance 3 -> 6
      TRUC2026-3-DA-36 @ A03.02     wrong edit -3, restore +3   balance 4 -> 7
      TRUC2026-3-DA-37 @ A03.02     wrong edit -4, restore +4   balance 4 -> 8
      TRUC2026-3-DA-38 @ A03.02     wrong edit -3, restore +3   balance 3 -> 6
      TRUC2026-3-DA-39 @ A03.02     wrong edit -3, restore +3   balance 3 -> 6
      TRUC2026-5-D-35 @ B13.02     wrong edit -3, restore +3   balance 3 -> 6
      TRUC2026-5-D-36 @ B13.02     wrong edit -2, restore +2   balance 2 -> 4
      TRUC2026-5-D-37 @ B13.02     wrong edit -4, restore +4   balance 4 -> 8
      TRUC2026-5-D-38 @ B13.02     wrong edit -3, restore +3   balance 3 -> 6
      TRUC2026-5-D-39 @ B13.02     wrong edit -3, restore +3   balance 3 -> 6
      TRUC2026-5-DO-35 @ B13.02     wrong edit -3, restore +3   balance 3 -> 6
      TRUC2026-5-DO-36 @ B13.02     wrong edit -4, restore +4   balance 4 -> 8
      TRUC2026-5-DO-37 @ B13.02     wrong edit -3, restore +3   balance 3 -> 6
      TRUC2026-5-DO-38 @ B13.02     wrong edit -2, restore +2   balance 2 -> 4
      TRUC2026-5-DO-39 @ B13.02     wrong edit -3, restore +3   balance 3 -> 6
      TRUC2208-D-37 @ B23.06     wrong edit -1, restore +1   balance 2 -> 3
      TRUC361-8-D-39 @ C19.04     wrong edit -1, restore +1   balance 1 -> 2
      TRUC38-150-N-35 @ Q11.06     wrong edit +2, restore -2   balance 2 -> 0
      TRUC38-150-N-36 @ Q11.06     wrong edit +3, restore -3   balance 3 -> 0
      TRUC38-150-N-37 @ Q11.06     wrong edit +2, restore -2   balance 2 -> 0
      TRUC38-150-N-38 @ Q11.06     wrong edit +3, restore -3   balance 3 -> 0
      TRUC38-150-N-39 @ Q11.06     wrong edit +1, restore -1   balance 1 -> 0
      TRUC38-366-D-35 @ A15.05     wrong edit -3, restore +3   balance 3 -> 6
      TRUC38-366-D-36 @ A15.05     wrong edit -4, restore +4   balance 4 -> 8
      TRUC38-366-D-37 @ A15.05     wrong edit -3, restore +3   balance 3 -> 6
      TRUC38-366-D-38 @ A15.05     wrong edit -2, restore +2   balance 2 -> 4
      TRUC38-366-D-39 @ A15.05     wrong edit -2, restore +2   balance 1 -> 3
      TRUC38-366-DA-35 @ A15.05     wrong edit -3, restore +3   balance 3 -> 6
      TRUC38-366-DA-36 @ A15.05     wrong edit -3, restore +3   balance 3 -> 6
      TRUC38-366-DA-37 @ A15.05     wrong edit -4, restore +4   balance 4 -> 8
      TRUC38-366-DA-38 @ A15.05     wrong edit -3, restore +3   balance 3 -> 6
      TRUC38-366-DA-39 @ A15.05     wrong edit -2, restore +2   balance 2 -> 4
      TRUC4003-3-D-36 @ Q08.03     wrong edit +2, restore -2   balance 2 -> 0
      TRUC4003-3-D-37 @ Q08.03     wrong edit +3, restore -3   balance 3 -> 0
      TRUC4439-X-39 @ H44.01     wrong edit +2, restore -2   balance 2 -> 0
      TRUC4542-X-38 @ H48.02     wrong edit +1, restore -1   balance 2 -> 1
      TRUC4542-X-39 @ H48.02     wrong edit +1, restore -1   balance 1 -> 0
      TRUC4560-X-38 @ H43.01     wrong edit +1, restore -1   balance 1 -> 0
      TRUC512-D-35 @ H66.02     wrong edit -3, restore +3   balance 2 -> 5
      TRUC512-D-36 @ H66.02     wrong edit -3, restore +3   balance 3 -> 6
      TRUC512-D-37 @ H66.02     wrong edit -3, restore +3   balance 3 -> 6
      TRUC512-D-38 @ H66.02     wrong edit -3, restore +3   balance 3 -> 6
      TRUC512-D-39 @ H66.02     wrong edit -3, restore +3   balance 3 -> 6
      TRUC512-K-35 @ H66.02     wrong edit -3, restore +3   balance 3 -> 6
      TRUC512-K-36 @ H66.02     wrong edit -4, restore +4   balance 4 -> 8
      TRUC512-K-37 @ H66.02     wrong edit -3, restore +3   balance 3 -> 6
      TRUC512-K-38 @ H66.02     wrong edit -3, restore +3   balance 3 -> 6
      TRUC512-K-39 @ H66.02     wrong edit -3, restore +3   balance 3 -> 6
      TRUC554-3-D-36 @ B25.02     wrong edit +2, restore -2   balance 2 -> 0
      TRUC554-3-D-37 @ B25.02     wrong edit +2, restore -2   balance 2 -> 0
      TRUC554-3-D-38 @ B25.02     wrong edit +3, restore -3   balance 2 -> -1
      TRUC554-3-D-39 @ B25.02     wrong edit +1, restore -1   balance 2 -> 1
      TRUC554-3-D-40 @ B25.02     wrong edit +2, restore -2   balance 2 -> 0
      TRUC554-4-D-36 @ B27.02     wrong edit +1, restore -1   balance 1 -> 0
      TRUC554-4-D-37 @ B27.02     wrong edit +1, restore -1   balance 0 -> -1
      TRUC554-4-D-38 @ B27.02     wrong edit +5, restore -5   balance 5 -> 0
      TRUC554-4-D-39 @ B27.02     wrong edit +1, restore -1   balance 2 -> 1
      TRUC554-4-D-40 @ B27.02     wrong edit +1, restore -1   balance 1 -> 0
      TRUC554-4-K-38 @ B27.02     wrong edit +2, restore -2   balance 2 -> 0
      TRUC554-8-D-36 @ B05.03     wrong edit +2, restore -2   balance 2 -> 0
      TRUC554-8-D-37 @ B05.03     wrong edit +1, restore -1   balance 1 -> 0
      TRUC554-8-D-38 @ B05.03     wrong edit +1, restore -1   balance 1 -> 0
      TRUC554-8-D-40 @ B05.03     wrong edit +3, restore -3   balance 3 -> 0
      TRUC554-8-DA-36 @ B05.03     wrong edit +2, restore -2   balance 2 -> 0
      TRUC554-8-DA-37 @ B05.03     wrong edit +3, restore -3   balance 3 -> 0
      TRUC554-8-DA-38 @ B05.03     wrong edit +4, restore -4   balance 4 -> 0
      TRUC554-8-DA-39 @ B05.03     wrong edit +2, restore -2   balance 2 -> 0
      TRUC554-8-DA-40 @ B05.03     wrong edit +2, restore -2   balance 2 -> 0
      TRUC5791-13-D-35 @ H64.02     wrong edit -3, restore +3   balance 2 -> 5
      TRUC5791-13-D-36 @ H64.02     wrong edit -3, restore +3   balance 3 -> 6
      TRUC5791-13-D-37 @ H64.02     wrong edit -4, restore +4   balance 3 -> 7
      TRUC5791-13-D-38 @ H64.02     wrong edit -3, restore +3   balance 3 -> 6
      TRUC5791-13-D-39 @ H64.02     wrong edit -3, restore +3   balance 2 -> 5
      TRUC5791-13-K-35 @ H64.02     wrong edit -3, restore +3   balance 3 -> 6
      TRUC5791-13-K-36 @ H64.02     wrong edit -4, restore +4   balance 4 -> 8
      TRUC5791-13-K-37 @ H64.02     wrong edit -3, restore +3   balance 3 -> 6
      TRUC5791-13-K-38 @ H64.02     wrong edit -3, restore +3   balance 3 -> 6
      TRUC5791-13-K-39 @ H64.02     wrong edit -3, restore +3   balance 2 -> 5
      TRUC637-3-D-36 @ Q16.04     wrong edit +2, restore -2   balance 2 -> 0
      TRUC637-3-D-38 @ Q16.04     wrong edit +1, restore -1   balance 1 -> 0
      TRUC637-3-D-39 @ Q16.04     wrong edit +1, restore -1   balance 1 -> 0
      TRUC637-3-D-40 @ Q16.04     wrong edit +1, restore -1   balance 0 -> -1
      TRUC637-3-K-40 @ Q16.04     wrong edit +1, restore -1   balance 0 -> -1
      TRUC637-7-D-38 @ B29.03     wrong edit +1, restore -1   balance 1 -> 0
      TRUC68023-D-36 @ Q07.03     wrong edit +1, restore -1   balance 1 -> 0
      TRUC68023-D-37 @ Q07.03     wrong edit +1, restore -1   balance 1 -> 0
      TRUC79903-K-37 @ B21.02     wrong edit +1, restore -1   balance 1 -> 0
      TRUC92-291-K-39 @ Q17.01     wrong edit +2, restore -2   balance 2 -> 0
      TRUC92-291-X-39 @ Q17.01     wrong edit +1, restore -1   balance 1 -> 0
      TRUCH159-1-D-35 @ Q25.02     wrong edit +1, restore -1   balance 2 -> 1
      TRUCH159-1-D-36 @ Q25.02     wrong edit +4, restore -4   balance 4 -> 0
      TRUCH159-1-D-37 @ Q25.02     wrong edit +3, restore -3   balance 3 -> 0
      TRUCH159-1-K-37 @ Q25.02     wrong edit +1, restore -1   balance 2 -> 1
      TRUCH159-1-K-38 @ Q25.02     wrong edit +3, restore -3   balance 3 -> 0
      TRUCV678-5-D-37 @ Q23.03     wrong edit +3, restore -3   balance 3 -> 0
      TRUCV678-5-DA-37 @ Q23.03     wrong edit +2, restore -2   balance 2 -> 0
      TRUCV678-5-DA-40 @ Q23.03     wrong edit +2, restore -2   balance 2 -> 0
      TRUCZ637-9-K-37 @ Q14.01     wrong edit +2, restore -2   balance 2 -> 0
      TRUCZ637-9-XA-37 @ Q14.01     wrong edit +2, restore -2   balance 1 -> -1
      TRUCZ637-9-XA-39 @ Q14.01     wrong edit +1, restore -1   balance 1 -> 0
      TX2024-BO    @ 999        wrong edit +6, restore -6   balance 6 -> 0
      TX2024-N     @ 999        wrong edit +5, restore -5   balance 3 -> -2
      TX25009-D    @ 999        wrong edit +4, restore -4   balance 4 -> 0
      TX25009-K    @ 999        wrong edit +3, restore -3   balance 3 -> 0
      TX25232-D    @ 999        wrong edit +7, restore -7   balance 6 -> -1
      TX25232-K    @ 999        wrong edit +8, restore -8   balance 8 -> 0
      TX25233-D    @ 999        wrong edit +4, restore -4   balance 4 -> 0
      TX25233-K    @ 999        wrong edit +6, restore -6   balance 5 -> -1
      TX32706-148-D @ 999        wrong edit +1, restore -1   balance 1 -> 0
      TX572-K      @ 999        wrong edit +6, restore -6   balance 6 -> 0
      TX572-N      @ 999        wrong edit +6, restore -6   balance 6 -> 0
      TX573-K      @ 999        wrong edit +5, restore -5   balance 5 -> 0
      TX573-N      @ 999        wrong edit +7, restore -7   balance 6 -> -1
      TX7021-1-BO  @ 999        wrong edit +7, restore -7   balance 7 -> 0
      TX7021-1-K   @ 999        wrong edit +7, restore -7   balance 7 -> 0
      TX7021-1-N   @ 999        wrong edit +7, restore -7   balance 5 -> -2
      TXF1732A-BO  @ 999        wrong edit +4, restore -4   balance 4 -> 0
      TXF1732A-K   @ 999        wrong edit +4, restore -4   balance 4 -> 0
      TXF1923B-DA  @ 999        wrong edit +6, restore -6   balance 6 -> 0
      TXF1923B-DO  @ 999        wrong edit +4, restore -4   balance 4 -> 0
      TXF1991A-D   @ 999        wrong edit +4, restore -4   balance 3 -> -1
      TXF1991A-K   @ 999        wrong edit +1, restore -1   balance 1 -> 0
      TXF2036-1-K  @ 999        wrong edit +3, restore -3   balance 2 -> -1
      TXF2050-D    @ 999        wrong edit +5, restore -5   balance 5 -> 0
      TXF2050-K    @ 999        wrong edit +5, restore -5   balance 5 -> 0
      TXF2059-1-D  @ 999        wrong edit +5, restore -5   balance 5 -> 0
      TXF2059-1-K  @ 999        wrong edit +4, restore -4   balance 4 -> 0
      TXF2085-D    @ 999        wrong edit +2, restore -2   balance 2 -> 0
      TXF2085-K    @ 999        wrong edit +1, restore -1   balance 0 -> -1
      TXF2128A-DA  @ 999        wrong edit +4, restore -4   balance 4 -> 0
      TXF2128A-X   @ 999        wrong edit +2, restore -2   balance 1 -> -1
      TXF2161-K    @ 999        wrong edit +1, restore -1   balance 1 -> 0
      TXF2235-BO   @ 999        wrong edit +1, restore -1   balance 0 -> -1
      TXF2235-D    @ 999        wrong edit +4, restore -4   balance 1 -> -3
      TXF9076D-11-D @ 999        wrong edit +4, restore -4   balance 2 -> -2
      TXV5300-D    @ 999        wrong edit +3, restore -3   balance 3 -> 0
      TXV5300-K    @ 999        wrong edit +6, restore -6   balance 6 -> 0
      TXV5849-D    @ 999        wrong edit +7, restore -7   balance 6 -> -1
      TXV5849-K    @ 999        wrong edit +6, restore -6   balance 3 -> -3
      TXV5853-BO   @ 999        wrong edit +4, restore -4   balance 3 -> -1
      TXV5853-H    @ 999        wrong edit +5, restore -5   balance 5 -> 0
      TXV5911-D    @ 999        wrong edit +1, restore -1   balance 1 -> 0
      TXV5911-K    @ 999        wrong edit +2, restore -2   balance 1 -> -1
      TXV5971-D    @ 999        wrong edit +9, restore -9   balance 9 -> 0
      TXV5971-K    @ 999        wrong edit +8, restore -8   balance 7 -> -1
      TXV5976-D    @ 999        wrong edit +6, restore -6   balance 5 -> -1
      TXV5976-DA   @ 999        wrong edit +3, restore -3   balance 3 -> 0
      TXV6073-D    @ 999        wrong edit +2, restore -2   balance 2 -> 0
      TXV6073-H    @ 999        wrong edit +6, restore -6   balance 6 -> 0
      TXV6073-K    @ 999        wrong edit +4, restore -4   balance 4 -> 0
      TXV6111-BO   @ 999        wrong edit +5, restore -5   balance 5 -> 0
      TXV6117-XA   @ 999        wrong edit +6, restore -6   balance 5 -> -1
      TXV6121-1-D  @ 999        wrong edit +9, restore -9   balance 9 -> 0
      TXV6121-1-K  @ 999        wrong edit +8, restore -8   balance 7 -> -1
      TXV6121-BO   @ 999        wrong edit +7, restore -7   balance 7 -> 0
      TXV6121-D    @ 999        wrong edit +3, restore -3   balance 3 -> 0
      TXV6145-H    @ 999        wrong edit +6, restore -6   balance 6 -> 0
      TXV6146-BO   @ 999        wrong edit +4, restore -4   balance 4 -> 0
      TXV6146-XA   @ 999        wrong edit +6, restore -6   balance 6 -> 0
      TXV6149-D    @ 999        wrong edit +1, restore -1   balance 1 -> 0
      TXV6153-BO   @ 999        wrong edit +6, restore -6   balance 5 -> -1
      TXV6157-BO   @ 999        wrong edit +7, restore -7   balance 7 -> 0
      TXV6157-D    @ 999        wrong edit +1, restore -1   balance 0 -> -1
      TXV6172-K    @ 999        wrong edit +5, restore -5   balance 5 -> 0
      TXV6172-XA   @ 999        wrong edit +7, restore -7   balance 7 -> 0
      TXV6177-H    @ 999        wrong edit +6, restore -6   balance 6 -> 0
      TXV6177-K    @ 999        wrong edit +7, restore -7   balance 7 -> 0
      TXV6177-XA   @ 999        wrong edit +6, restore -6   balance 6 -> 0
      TXV6178-D    @ 999        wrong edit +3, restore -3   balance 3 -> 0
      TXV6178-K    @ 999        wrong edit +7, restore -7   balance 7 -> 0
      TXV6205-D    @ 999        wrong edit +8, restore -8   balance 8 -> 0
      TXV6205-H    @ 999        wrong edit +5, restore -5   balance 5 -> 0
      UGO46870-N-43 @ E23.05     wrong edit +1, restore -1   balance 1 -> 0
      UGO46895-D-39 @ T34.01     wrong edit -2, restore +2   balance 2 -> 4
      UGO46895-D-40 @ T34.01     wrong edit -3, restore +3   balance 2 -> 5
      UGO46895-D-41 @ T34.01     wrong edit -2, restore +2   balance 2 -> 4
      UGO46895-D-42 @ T34.01     wrong edit -3, restore +3   balance 3 -> 6
      UGO46895-D-43 @ T34.01     wrong edit -2, restore +2   balance 2 -> 4
      UGO46895-D-44 @ T34.01     wrong edit -2, restore +2   balance 2 -> 4
      UGO46895-N-39 @ T34.01     wrong edit -2, restore +2   balance 2 -> 4
      UGO46895-N-40 @ T34.01     wrong edit -2, restore +2   balance 2 -> 4
      UGO46895-N-41 @ T34.01     wrong edit -3, restore +3   balance 3 -> 6
      UGO46895-N-42 @ T34.01     wrong edit -3, restore +3   balance 2 -> 5
      UGO46895-N-43 @ T34.01     wrong edit -2, restore +2   balance 2 -> 4
      UGO46895-N-44 @ T34.01     wrong edit -1, restore +1   balance 1 -> 2
      UGO46896-D-39 @ E06.03     wrong edit -2, restore +2   balance 2 -> 4
      UGO46896-D-40 @ E06.03     wrong edit -2, restore +2   balance 2 -> 4
      UGO46896-D-41 @ E06.03     wrong edit -2, restore +2   balance 2 -> 4
      UGO46896-D-42 @ E06.03     wrong edit -3, restore +3   balance 3 -> 6
      UGO46896-D-43 @ E06.03     wrong edit -2, restore +2   balance 2 -> 4
      UGO46896-D-44 @ E06.03     wrong edit -2, restore +2   balance 2 -> 4
      UGO46896-N-39 @ E06.03     wrong edit -2, restore +2   balance 2 -> 4
      UGO46896-N-40 @ E06.03     wrong edit -2, restore +2   balance 2 -> 4
      UGO46896-N-41 @ E06.03     wrong edit -3, restore +3   balance 3 -> 6
      UGO46896-N-42 @ E06.03     wrong edit -3, restore +3   balance 3 -> 6
      UGO46896-N-43 @ E06.03     wrong edit -1, restore +1   balance 1 -> 2
      UGO46896-N-44 @ E06.03     wrong edit -2, restore +2   balance 2 -> 4
      UGO46897-D-38 @ E23.02     wrong edit -2, restore +2   balance 2 -> 4
      UGO46897-D-39 @ E23.02     wrong edit -1, restore +1   balance 1 -> 2
      UGO46897-D-40 @ E23.02     wrong edit -1, restore +1   balance 1 -> 2
      UGO46897-D-41 @ E23.02     wrong edit -1, restore +1   balance 1 -> 2
      UGO46897-D-42 @ E23.02     wrong edit -2, restore +2   balance 2 -> 4
      UGO46897-D-43 @ E23.02     wrong edit -2, restore +2   balance 2 -> 4
      UGO46897-D-44 @ E23.02     wrong edit -2, restore +2   balance 2 -> 4
      UGO46897-N-38 @ E23.02     wrong edit -1, restore +1   balance 1 -> 2
      UGO46897-N-39 @ E23.02     wrong edit -1, restore +1   balance 1 -> 2
      UGO46897-N-40 @ E23.02     wrong edit -3, restore +3   balance 3 -> 6
      UGO46897-N-41 @ E23.02     wrong edit -2, restore +2   balance 2 -> 4
      UGO46897-N-42 @ E23.02     wrong edit -3, restore +3   balance 3 -> 6
      UGO46897-N-43 @ E23.02     wrong edit -2, restore +2   balance 2 -> 4
      UGO46897-N-44 @ E23.02     wrong edit -2, restore +2   balance 2 -> 4
      UGO46898-D-38 @ E18.04     wrong edit -1, restore +1   balance 1 -> 2
      UGO46898-D-39 @ E18.04     wrong edit -1, restore +1   balance 1 -> 2
      UGO46898-D-42 @ E18.04     wrong edit -2, restore +2   balance 2 -> 4
      UGO46898-D-43 @ E18.04     wrong edit -1, restore +1   balance 1 -> 2
      UGO46898-D-44 @ E18.04     wrong edit -1, restore +1   balance 1 -> 2
      UGO46898-N-38 @ E18.04     wrong edit -2, restore +2   balance 2 -> 4
      UGO46898-N-39 @ E18.04     wrong edit -2, restore +2   balance 2 -> 4
      UGO46898-N-40 @ E18.04     wrong edit -2, restore +2   balance 2 -> 4
      UGO46898-N-41 @ E18.04     wrong edit -2, restore +2   balance 1 -> 3
      UGO46898-N-42 @ E18.04     wrong edit -3, restore +3   balance 3 -> 6
      UGO46898-N-43 @ E18.04     wrong edit -2, restore +2   balance 2 -> 4
      UGO46898-N-44 @ E18.04     wrong edit -1, restore +1   balance 1 -> 2
      VAM85-100-D-40 @ E16.03     wrong edit +3, restore -3   balance 2 -> -1
      VAM85-100-D-41 @ E16.03     wrong edit +4, restore -4   balance 4 -> 0
      VAM85-100-D-43 @ E16.03     wrong edit +2, restore -2   balance 2 -> 0
      VAM85-359-D-38 @ E05.01     wrong edit +1, restore -1   balance 2 -> 1
      VAM85-359-D-39 @ E05.01     wrong edit +2, restore -2   balance 1 -> -1
      VAM85-359-D-41 @ E05.01     wrong edit +3, restore -3   balance 3 -> 0
      VAM85-359-D-42 @ E05.01     wrong edit +3, restore -3   balance 3 -> 0
      VAM85-359-N-41 @ E05.01     wrong edit +3, restore -3   balance 3 -> 0
      VAM85-359-N-44 @ E05.01     wrong edit +2, restore -2   balance 2 -> 0
      VAM85-363-D-40 @ E11.02     wrong edit +4, restore -4   balance 4 -> 0
      VAM85-363-N-41 @ E11.02     wrong edit +3, restore -3   balance 3 -> 0
      VAM85-363-N-42 @ E11.02     wrong edit +2, restore -2   balance 2 -> 0
      VAM85-363-N-43 @ E11.02     wrong edit +2, restore -2   balance 2 -> 0
      VAM85-363-N-44 @ E11.02     wrong edit +2, restore -2   balance 2 -> 0
      VAM85-367-D-38 @ T11.01     wrong edit +3, restore -3   balance 3 -> 0
      VAM85-367-D-39 @ T11.01     wrong edit +1, restore -1   balance 1 -> 0
      VAM85-367-D-40 @ T11.01     wrong edit +4, restore -4   balance 4 -> 0
      VAM85-367-D-42 @ T11.01     wrong edit +3, restore -3   balance 3 -> 0
      VAM85-367-D-43 @ T11.01     wrong edit +3, restore -3   balance 3 -> 0
      VAM85-367-D-44 @ T11.01     wrong edit +1, restore -1   balance 1 -> 0
      VAM85-367-N-38 @ T11.01     wrong edit +1, restore -1   balance 1 -> 0
      VAM85-367-N-39 @ T11.01     wrong edit +1, restore -1   balance 1 -> 0
      VAM85-367-N-40 @ T11.01     wrong edit +1, restore -1   balance 1 -> 0
      VAM85-367-N-41 @ T11.01     wrong edit +2, restore -2   balance 2 -> 0
      VAM85-367-N-42 @ T11.01     wrong edit +1, restore -1   balance 1 -> 0
      VAM85-367-N-43 @ T11.01     wrong edit +1, restore -1   balance 1 -> 0
      VAM85-367-N-44 @ T11.01     wrong edit +2, restore -2   balance 2 -> 0
      VAM85-61-D-39 @ E32.02     wrong edit +1, restore -1   balance 1 -> 0
      VAM85-61-D-40 @ E32.02     wrong edit +1, restore -1   balance 1 -> 0
      VAM85-61-D-41 @ E32.02     wrong edit +1, restore -1   balance 0 -> -1
      VAM85-61-D-43 @ E32.02     wrong edit +2, restore -2   balance 2 -> 0
      VAM85-61-N-38 @ E32.02     wrong edit +2, restore -2   balance 2 -> 0
      VAM85-61-N-40 @ E32.02     wrong edit +2, restore -2   balance 2 -> 0
      VAM85-61-N-41 @ E32.02     wrong edit +1, restore -1   balance 1 -> 0
      VAM85-61-N-42 @ E32.02     wrong edit +1, restore -1   balance 1 -> 0
      VAM85-61-N-43 @ E32.02     wrong edit +3, restore -3   balance 3 -> 0
      VAM85-758-D-38 @ E19.04     wrong edit +2, restore -2   balance 2 -> 0
      VAM85-758-D-39 @ E19.04     wrong edit +1, restore -1   balance 1 -> 0
      VAM85-758-D-40 @ E19.04     wrong edit +4, restore -4   balance 4 -> 0
      VAM85-758-D-41 @ E19.04     wrong edit +3, restore -3   balance 3 -> 0
      VAM85-758-D-42 @ E19.04     wrong edit +4, restore -4   balance 4 -> 0
      VAM85-758-D-43 @ E19.04     wrong edit +2, restore -2   balance 2 -> 0
      VAM85-758-D-44 @ E19.04     wrong edit +1, restore -1   balance 1 -> 0
      VAM85-758-N-38 @ E19.04     wrong edit +1, restore -1   balance 1 -> 0
      VAM85-758-N-39 @ E19.04     wrong edit +3, restore -3   balance 3 -> 0
      VAM85-758-N-40 @ E19.04     wrong edit +2, restore -2   balance 2 -> 0
      VAM85-758-N-41 @ E19.04     wrong edit +2, restore -2   balance 2 -> 0
      VAM85-758-N-42 @ E19.04     wrong edit +3, restore -3   balance 3 -> 0
      VAM85-758-N-43 @ E19.04     wrong edit +2, restore -2   balance 2 -> 0
      VAM85-758-N-44 @ E19.04     wrong edit +2, restore -2   balance 2 -> 0
      VAM85-764-D-38 @ E10.03     wrong edit +2, restore -2   balance 2 -> 0
      VAM85-764-D-39 @ E10.03     wrong edit +3, restore -3   balance 3 -> 0
      VAM85-764-D-40 @ E10.03     wrong edit +2, restore -2   balance 2 -> 0
      VAM85-764-D-41 @ E10.03     wrong edit +3, restore -3   balance 3 -> 0
      VAM85-764-D-42 @ E10.03     wrong edit +4, restore -4   balance 4 -> 0
      VAM85-764-D-43 @ E10.03     wrong edit +2, restore -2   balance 2 -> 0
      VAM85-764-D-44 @ E10.03     wrong edit +2, restore -2   balance 2 -> 0
      VAM85-764-N-38 @ E10.03     wrong edit +2, restore -2   balance 2 -> 0
      VAM85-764-N-39 @ E10.03     wrong edit +1, restore -1   balance 1 -> 0
      VAM85-764-N-40 @ E10.03     wrong edit +2, restore -2   balance 2 -> 0
      VAM85-764-N-41 @ E10.03     wrong edit +4, restore -4   balance 4 -> 0
      VAM85-764-N-42 @ E10.03     wrong edit +3, restore -3   balance 3 -> 0
      VAM85-764-N-43 @ E10.03     wrong edit +2, restore -2   balance 2 -> 0
      VAM85-764-N-44 @ E10.03     wrong edit +2, restore -2   balance 2 -> 0
      VAM85-765-D-38 @ T09.01     wrong edit +1, restore -1   balance 1 -> 0
      VAM85-765-D-39 @ T09.01     wrong edit +1, restore -1   balance 1 -> 0
      VAM85-765-D-40 @ T09.01     wrong edit +2, restore -2   balance 2 -> 0
      VAM85-765-D-41 @ T09.01     wrong edit +3, restore -3   balance 3 -> 0
      VAM85-765-D-42 @ T09.01     wrong edit +2, restore -2   balance 2 -> 0
      VAM85-765-D-43 @ T09.01     wrong edit +2, restore -2   balance 2 -> 0
      VAM85-765-D-44 @ T09.01     wrong edit +2, restore -2   balance 2 -> 0
      VAM85-765-N-38 @ T09.01     wrong edit +2, restore -2   balance 1 -> -1
      VAM85-765-N-39 @ T09.01     wrong edit +2, restore -2   balance 2 -> 0
      VAM85-765-N-40 @ T09.01     wrong edit +1, restore -1   balance 1 -> 0
      VAM85-765-N-41 @ T09.01     wrong edit +3, restore -3   balance 3 -> 0
      VAM85-765-N-42 @ T09.01     wrong edit +3, restore -3   balance 3 -> 0
      VAM85-765-N-43 @ T09.01     wrong edit +2, restore -2   balance 2 -> 0
      VAM85-765-N-44 @ T09.01     wrong edit +2, restore -2   balance 2 -> 0
      VI1850       @ 999        wrong edit +2, restore -2   balance 1 -> -1
      VI280        @ 999        wrong edit +4, restore -4   balance 4 -> 0
      VI580        @ 999        wrong edit +6, restore -6   balance 3 -> -3
      VI820        @ 999        wrong edit -20, restore +20   balance 16 -> 36
      VO35         @ 999        wrong edit +62, restore -62   balance 57 -> -5
      VO45         @ 999        wrong edit +228, restore -228   balance 228 -> 0
      VOAHC-D      @ 999        wrong edit +100, restore -100   balance 96 -> -4
      VOAHC-TR     @ 999        wrong edit +106, restore -106   balance 106 -> 0
      VOAHC-X      @ 999        wrong edit +42, restore -42   balance 42 -> 0
      VOALC-D      @ 999        wrong edit +18, restore -18   balance 16 -> -2
      VOALC-TR     @ 999        wrong edit +180, restore -180   balance 180 -> 0
      VOALC-X      @ 999        wrong edit +150, restore -150   balance 149 -> -1
      VOANF-D      @ 999        wrong edit +118, restore -118   balance 111 -> -7
      VOANF-TR     @ 999        wrong edit +101, restore -101   balance 99 -> -2
      VOANF-X      @ 999        wrong edit +53, restore -53   balance 44 -> -9
      VOATC-D      @ 999        wrong edit +145, restore -145   balance 187 -> 42
      VOATC-TR     @ 999        wrong edit +88, restore -88   balance 132 -> 44
      VOATC-X      @ 999        wrong edit +31, restore -31   balance 80 -> 49
      VOATCS-DS    @ 999        wrong edit +61, restore -61   balance 79 -> 18
      VOATCS-TRS   @ 999        wrong edit +88, restore -88   balance 87 -> -1
      VOATCS-XS    @ 999        wrong edit +85, restore -85   balance 81 -> -4
      VOATM-D      @ 999        wrong edit +30, restore -30   balance 78 -> 48
      VOATM-TR     @ 999        wrong edit +34, restore -34   balance 85 -> 51
      VOATM-XN     @ 999        wrong edit +82, restore -82   balance 117 -> 35
      VOUHC-D      @ 999        wrong edit +130, restore -130   balance 128 -> -2
      VOUHC-TR     @ 999        wrong edit +100, restore -100   balance 99 -> -1
      VOUHC-X      @ 999        wrong edit +125, restore -125   balance 124 -> -1
      VOUNC-D      @ 999        wrong edit +56, restore -56   balance 53 -> -3
      VOUNC-H      @ 999        wrong edit +34, restore -34   balance 34 -> 0
      VOUNC-TR     @ 999        wrong edit +40, restore -40   balance 39 -> -1
      VOUNC-X      @ 999        wrong edit +34, restore -34   balance 33 -> -1
      VPOTMT199-D-38 @ T20.02     wrong edit +2, restore -2   balance 2 -> 0
      VPOTMT199-D-39 @ T20.02     wrong edit +2, restore -2   balance 2 -> 0
      VPOTMT199-D-40 @ T20.02     wrong edit +1, restore -1   balance 1 -> 0
      VPOTMT199-D-41 @ T20.02     wrong edit +1, restore -1   balance 1 -> 0
      VPOTMT199-D-42 @ T20.02     wrong edit +1, restore -1   balance 1 -> 0
      VPOTMT199-D-43 @ T20.02     wrong edit +1, restore -1   balance 1 -> 0
      VPOTMT199-N-38 @ T20.02     wrong edit +2, restore -2   balance 2 -> 0
      VPOTMT199-N-40 @ T20.02     wrong edit +2, restore -2   balance 2 -> 0
      VPOTMT199-N-42 @ T20.02     wrong edit +1, restore -1   balance 1 -> 0
      VPOTMT199-N-43 @ T20.02     wrong edit +1, restore -1   balance 1 -> 0
      VPOTMT201-D-38 @ T22.03     wrong edit +4, restore -4   balance 4 -> 0
      VPOTMT201-D-39 @ T22.03     wrong edit +4, restore -4   balance 4 -> 0
      VPOTMT201-D-40 @ T22.03     wrong edit +1, restore -1   balance 1 -> 0
      VPOTMT201-D-42 @ T22.03     wrong edit +1, restore -1   balance 1 -> 0
      VPOTMT201-D-43 @ T22.03     wrong edit +2, restore -2   balance 2 -> 0
      VPOTMT201-X-38 @ T22.03     wrong edit +1, restore -1   balance 1 -> 0
      VPOTMT201-X-39 @ T22.03     wrong edit +3, restore -3   balance 1 -> -2
      VPOTQA713-D-38 @ T21.03     wrong edit +2, restore -2   balance 1 -> -1
      VPOTQA713-D-39 @ T21.03     wrong edit +2, restore -2   balance 2 -> 0
      VPOTQA713-D-40 @ T21.03     wrong edit +1, restore -1   balance 1 -> 0
      VPOTQA713-D-41 @ T21.03     wrong edit +1, restore -1   balance 1 -> 0
      VPOTQA713-D-43 @ T21.03     wrong edit +1, restore -1   balance 1 -> 0
      VPOTQA713-N-38 @ T21.03     wrong edit +2, restore -2   balance 2 -> 0
      VPOTQA713-N-39 @ T21.03     wrong edit +1, restore -1   balance 1 -> 0
      VPOTQA713-N-41 @ T21.03     wrong edit +1, restore -1   balance 1 -> 0
      VPOTQA713-N-43 @ T21.03     wrong edit +1, restore -1   balance 1 -> 0
      VPOTQA718-D-38 @ T02.02     wrong edit +1, restore -1   balance 1 -> 0
      VPOTQA718-D-39 @ T02.02     wrong edit +4, restore -4   balance 4 -> 0
      VPOTQA718-D-40 @ T02.02     wrong edit +1, restore -1   balance 1 -> 0
      VPOTQA718-D-41 @ T02.02     wrong edit +1, restore -1   balance 1 -> 0
      VPOTQA718-D-43 @ T02.02     wrong edit +2, restore -2   balance 2 -> 0
      VPOTQA718-N-38 @ T02.02     wrong edit +1, restore -1   balance 1 -> 0
      VPOTQA718-N-39 @ T02.02     wrong edit +1, restore -1   balance 0 -> -1
      VPOTQA718-N-43 @ T02.02     wrong edit +1, restore -1   balance 1 -> 0
      VPOTVT706-D-39 @ T17.02     wrong edit +1, restore -1   balance 1 -> 0
      VPOTVT706-D-43 @ T17.02     wrong edit +2, restore -2   balance 2 -> 0
      VPOTVT706-N-38 @ T17.02     wrong edit +1, restore -1   balance 1 -> 0
      VPOTVT706-N-39 @ T17.02     wrong edit +1, restore -1   balance 1 -> 0
      VPOTVT706-N-41 @ T17.02     wrong edit +1, restore -1   balance 1 -> 0
      VPOTVT706-N-43 @ T17.02     wrong edit +5, restore -5   balance 5 -> 0
      VPOTVT706-X-39 @ T17.02     wrong edit +1, restore -1   balance 1 -> 0
      VPOTVT706-X-43 @ T17.02     wrong edit +1, restore -1   balance 0 -> -1
      VPOTVT712-D-38 @ T15.04     wrong edit +2, restore -2   balance 1 -> -1
      VPOTVT712-D-43 @ T15.04     wrong edit +3, restore -3   balance 3 -> 0
      VPOTVT712-N-38 @ T15.04     wrong edit +2, restore -2   balance 2 -> 0
      VPOTVT712-N-39 @ T15.04     wrong edit +1, restore -1   balance 0 -> -1
      VPOTVT712-N-40 @ T15.04     wrong edit +1, restore -1   balance 1 -> 0
      VPOTVT712-N-41 @ T15.04     wrong edit +1, restore -1   balance 1 -> 0
      VPOTVT712-N-42 @ T15.04     wrong edit +1, restore -1   balance 1 -> 0
      VPOTVT712-N-43 @ T15.04     wrong edit +1, restore -1   balance 1 -> 0
      XIKIWI-N     @ 999        wrong edit +28, restore -28   balance 27 -> -1
      XIMUT        @ 999        wrong edit +89, restore -89   balance 80 -> -9
      XINUOC-D     @ 999        wrong edit +13, restore -13   balance 12 -> -1
      XINUOC-N     @ 999        wrong edit +36, restore -36   balance 35 -> -1
      YMT24788-D-39 @ T03.04     wrong edit +1, restore -1   balance 1 -> 0
      YMT24788-D-40 @ T03.04     wrong edit +1, restore -1   balance 1 -> 0
      YMT24788-D-43 @ T03.04     wrong edit +1, restore -1   balance 1 -> 0
      YMT24788-XA-38 @ T03.04     wrong edit +1, restore -1   balance 1 -> 0
      YMT24788-XA-40 @ T03.04     wrong edit +3, restore -3   balance 3 -> 0
      YMT24788-XA-41 @ T03.04     wrong edit +3, restore -3   balance 3 -> 0
      YMT24788-XA-42 @ T03.04     wrong edit +4, restore -4   balance 4 -> 0
      YMT24788-XA-43 @ T03.04     wrong edit +2, restore -2   balance 2 -> 0
      YMT25016-D-38 @ T28.05     wrong edit +1, restore -1   balance 1 -> 0
      YMT25016-D-39 @ T28.05     wrong edit +1, restore -1   balance 1 -> 0
      YMT25016-D-40 @ T28.05     wrong edit +2, restore -2   balance 2 -> 0
      YMT25016-D-41 @ T28.05     wrong edit +3, restore -3   balance 2 -> -1
      YMT25016-D-42 @ T28.05     wrong edit +2, restore -2   balance 2 -> 0
      YMT25016-D-43 @ T28.05     wrong edit +2, restore -2   balance 2 -> 0
      YMT25016-N-38 @ T28.05     wrong edit +1, restore -1   balance 1 -> 0
      YMT25016-N-39 @ T28.05     wrong edit +1, restore -1   balance 1 -> 0
      YMT25016-N-40 @ T28.05     wrong edit +2, restore -2   balance 2 -> 0
      YMT25016-N-41 @ T28.05     wrong edit +4, restore -4   balance 4 -> 0
      YMT25016-N-42 @ T28.05     wrong edit +3, restore -3   balance 2 -> -1
      YMT25016-N-43 @ T28.05     wrong edit +3, restore -3   balance 3 -> 0
      YMT25017-D-38 @ T32.05     wrong edit +2, restore -2   balance 2 -> 0
      YMT25017-D-39 @ T32.05     wrong edit +3, restore -3   balance 3 -> 0
      YMT25017-D-40 @ T32.05     wrong edit +3, restore -3   balance 3 -> 0
      YMT25017-D-41 @ T32.05     wrong edit +6, restore -6   balance 6 -> 0
      YMT25017-D-42 @ T32.05     wrong edit +5, restore -5   balance 5 -> 0
      YMT25017-D-43 @ T32.05     wrong edit +2, restore -2   balance 2 -> 0
      YMT25017-N-38 @ T32.05     wrong edit +2, restore -2   balance 2 -> 0
      YMT25017-N-39 @ T32.05     wrong edit +4, restore -4   balance 4 -> 0
      YMT25017-N-40 @ T32.05     wrong edit +3, restore -3   balance 3 -> 0
      YMT25017-N-41 @ T32.05     wrong edit +3, restore -3   balance 3 -> 0
      YMT25017-N-42 @ T32.05     wrong edit +4, restore -4   balance 4 -> 0
      YMT25017-N-43 @ T32.05     wrong edit +3, restore -3   balance 3 -> 0
      YMT25018-D-38 @ T35.05     wrong edit +2, restore -2   balance 2 -> 0
      YMT25018-D-39 @ T35.05     wrong edit +3, restore -3   balance 3 -> 0
      YMT25018-D-40 @ T35.05     wrong edit +5, restore -5   balance 5 -> 0
      YMT25018-D-41 @ T35.05     wrong edit +3, restore -3   balance 3 -> 0
      YMT25018-D-42 @ T35.05     wrong edit +4, restore -4   balance 4 -> 0
      YMT25018-D-43 @ T35.05     wrong edit +3, restore -3   balance 3 -> 0
      YMT25018-N-38 @ T35.05     wrong edit +1, restore -1   balance 0 -> -1
      YMT25018-N-39 @ T35.05     wrong edit +3, restore -3   balance 3 -> 0
      YMT25018-N-40 @ T35.05     wrong edit +5, restore -5   balance 4 -> -1
      YMT25018-N-41 @ T35.05     wrong edit +4, restore -4   balance 4 -> 0
      YMT25018-N-42 @ T35.05     wrong edit +3, restore -3   balance 3 -> 0
      YMT25018-N-43 @ T35.05     wrong edit +3, restore -3   balance 3 -> 0
      YMT25019-D-38 @ T02.04     wrong edit +2, restore -2   balance 2 -> 0
      YMT25019-D-39 @ T02.04     wrong edit +1, restore -1   balance 1 -> 0
      YMT25019-D-40 @ T02.04     wrong edit +3, restore -3   balance 3 -> 0
      YMT25019-D-41 @ T02.04     wrong edit +1, restore -1   balance 1 -> 0
      YMT25019-D-42 @ T02.04     wrong edit +2, restore -2   balance 2 -> 0
      YMT25019-D-43 @ T02.04     wrong edit +3, restore -3   balance 3 -> 0
      YMT25019-N-38 @ T02.04     wrong edit +2, restore -2   balance 2 -> 0
      YMT25019-N-39 @ T02.04     wrong edit +2, restore -2   balance 2 -> 0
      YMT25019-N-40 @ T02.04     wrong edit +2, restore -2   balance 2 -> 0
      YMT25019-N-41 @ T02.04     wrong edit +4, restore -4   balance 4 -> 0
      YMT25019-N-42 @ T02.04     wrong edit +4, restore -4   balance 3 -> -1
      YMT25019-N-43 @ T02.04     wrong edit +3, restore -3   balance 3 -> 0
  NK000189  [Chi nhánh Nguyễn Trãi - Cần Thơ]  status=POSTED rev=1 -> 2  edited_at=2026-08-29 03:11:02.553274
      DNGUAB064-N-42 @ D30.05     wrong edit +1, restore -1   balance 4 -> 3
  NK000226  [Chi nhánh Bến Tre]  status=POSTED rev=4 -> 5  edited_at=2026-08-29 02:41:49.413125
      TP2608-N-37  @ Mặc định   wrong edit -1, restore +1   balance 1 -> 2
      TX1600       @ Mặc định   wrong edit -1, restore +1   balance 2 -> 3
      TX32522-08-D @ Mặc định   wrong edit -1, restore +1   balance 0 -> 1
      VOATC-D      @ Mặc định   wrong edit -1, restore +1   balance 3 -> 4
  NK000531  [Chi Nhánh Vĩnh Long]  status=POSTED rev=1 -> 2  edited_at=2026-08-29 03:15:54.043048
      MHTP006-N-40 @ 999        wrong edit -1, restore +1   balance 0 -> 1
      MHTP006-N-40 @ D12.05     wrong edit +1, restore -1   balance 1 -> 0

Note: these balances stay negative after the revert (another cause):
  NK000117/AKCV8666-D-40: -1
  NK000117/AKCV8666-D-41: -1
  NK000117/AKCV8702-TR-39: -1
  NK000117/AKCV95027-D-38: -1
  NK000117/AKDP1-20-D-37: -1
  NK000117/AKDP1-80-K-36: -1
  NK000117/AKDP2225-5-DO-39: -1
  NK000117/CANAD350-D-38: -1
  NK000117/CANAD350-TR-40: -1
  NK000117/CANAD350-XA-38: -1
  NK000117/CANAD350-XA-40: -2
  NK000117/CANFHS-04-D-43: -1
  NK000117/CANFHS-04-X-38: -1
  NK000117/CANHT10-D-38: -1
  NK000117/CANHT10-N-38: -1
  NK000117/CANIN003-D-39: -1
  NK000117/CANMT1001-D-43: -1
  NK000117/DAT635-BO-42: -1
  NK000117/DD520: -6
  NK000117/DNGU3867-D-38: -1
  NK000117/DUGES2276-D-42: -1
  NK000117/HHB2935-D-38: -1
  NK000117/HHD965-D-35: -1
  NK000117/HHD965-D-39: -1
  NK000117/HHD965-D-40: -1
  NK000117/HHDM316-D-37: -1
  NK000117/HHM2756-D-37: -1
  NK000117/HHM2756-D-40: -1
  NK000117/HO655-N-44: -1
  NK000117/HPH1655-D-36: -1
  NK000117/HPHMT0243-D-38: -1
  NK000117/HPHMT286-BO-37: -1
  NK000117/HPHMT286-D-38: -1
  NK000117/KIEU1005-TR-37: -1
  NK000117/KIEU1005-TR-39: -1
  NK000117/LTG5480-D-39: -1
  NK000117/LTG5523-D-41: -1
  NK000117/LTG5535-D-40: -1
  NK000117/LTG5542-D-42: -1
  NK000117/MTUY6418-D-40: -1
  NK000117/MTY83519-D-42: -1
  NK000117/MY11109-D-36: -1
  NK000117/MY1221-1-D-38: -1
  NK000117/MY168629-D-35: -1
  NK000117/MY168629-K-36: -1
  NK000117/MY168629-K-38: -1
  NK000117/MY169-2-D-36: -1
  NK000117/MY169-2-D-38: -1
  NK000117/MY169-2-K-35: -1
  NK000117/MY20018-D-37: -1
  NK000117/MY20023-K-37: -1
  NK000117/MY2280-8-V-39: -1
  NK000117/MY2828-21-D-37: -1
  NK000117/MY2828-21-D-38: -1
  NK000117/MY2828-27-D-37: -2
  NK000117/MY2828-27-D-38: -1
  NK000117/MY2828-27-K-36: -1
  NK000117/MY2828-27-K-38: -1
  NK000117/MY2A26-9-K-36: -1
  NK000117/MY528-202-D-37: -1
  NK000117/MY560-6-N-35: -1
  NK000117/MY560-6-N-37: -1
  NK000117/MY58076-D-38: -1
  NK000117/MY76050-K-36: -2
  NK000117/MY76050-K-37: -1
  NK000117/MY7801-N-39: -1
  NK000117/MY8810-D-38: -1
  NK000117/MY931-90-D-35: -1
  NK000117/MY931-90-D-38: -1
  NK000117/MYF707-N-37: -1
  NK000117/MYF707-N-38: -1
  NK000117/MYF707-XA-36: -1
  NK000117/MYF707-XA-37: -3
  NK000117/MYF707-XA-38: -1
  NK000117/MYF707-XA-39: -1
  NK000117/MYF707-XA-40: -1
  NK000117/MYH159-2-D-36: -1
  NK000117/MYH159-2-D-37: -3
  NK000117/MYH159-2-D-38: -3
  NK000117/MYH159-2-D-39: -1
  NK000117/MYH159-2-K-36: -1
  NK000117/MYH159-2-K-37: -1
  NK000117/MYH159-2-K-38: -1
  NK000117/MYJ2630-D-36: -1
  NK000117/MYJ2630-D-37: -1
  NK000117/MYK5067-D-36: -1
  NK000117/MYK5067-K-39: -1
  NK000117/PGIA203-D-36: -2
  NK000117/PGIA203-D-38: -1
  NK000117/PGIA203-D-39: -1
  NK000117/PGIA203-K-37: -1
  NK000117/PGIA203-K-38: -1
  NK000117/PGIA205-K-37: -2
  NK000117/PGIA212-D-37: -1
  NK000117/PGIA212-D-39: -2
  NK000117/PGIA212-K-35: -1
  NK000117/PGIA212-K-37: -3
  NK000117/PGIA212-K-38: -1
  NK000117/PGIA215-D-37: -4
  NK000117/PGIA215-D-38: -1
  NK000117/PGIA227-K-35: -1
  NK000117/PGIA228-K-38: -1
  NK000117/PGIAMT246-D-37: -1
  NK000117/PGIAMT249-D-35: -1
  NK000117/PGIAMT249-D-39: -1
  NK000117/PGIAMT250-D-38: -1
  NK000117/PGIAMT250-N-36: -1
  NK000117/PGIAMT250-N-37: -1
  NK000117/PGIAMT250-N-39: -1
  NK000117/PGIAMT251-D-35: -1
  NK000117/PGIAMT251-D-38: -1
  NK000117/PGIAMT253-D-35: -1
  NK000117/PGIAMT254-D-39: -1
  NK000117/PGIAMT254-K-37: -1
  NK000117/PGIAMT254-K-39: -1
  NK000117/PGIAMT255-K-36: -1
  NK000117/PGIAMT255-K-37: -2
  NK000117/PTTH909-D-41: -1
  NK000117/PTTH950-D-42: -1
  NK000117/PTTH950-X-41: -2
  NK000117/SAN952-N-39: -1
  NK000117/TAU1708-D-40: -1
  NK000117/TAU1708-N-40: -2
  NK000117/TAU1708-N-42: -1
  NK000117/TAU1714-D-42: -1
  NK000117/TH10190-K-36: -1
  NK000117/TH10190-K-39: -1
  NK000117/TH10349-K-36: -1
  NK000117/TH10391-D-38: -1
  NK000117/TH10391-K-37: -2
  NK000117/TH10391-K-38: -2
  NK000117/TH10395-DO-39: -1
  NK000117/THU28-T4-D-38: -1
  NK000117/THU7126-1-D-40: -1
  NK000117/THU7262V-D-41: -1
  NK000117/THU8928-7-D-36: -2
  NK000117/THU8928-7-D-40: -1
  NK000117/THU8928-7-K-36: -2
  NK000117/THU8928-7-K-38: -1
  NK000117/THU992-18-D-39: -1
  NK000117/THU992-18-TR-39: -1
  NK000117/THUB968-A22-X-35: -1
  NK000117/TILAD1-D-40: -1
  NK000117/TILAD1-D-43: -1
  NK000117/TILAF31-X-42: -1
  NK000117/TILAF3S-D-42: -1
  NK000117/TILAF3S-D-43: -2
  NK000117/TILAF3S-D-44: -2
  NK000117/TILAF3S-X-44: -1
  NK000117/TILAF56-X-42: -1
  NK000117/TOAN141-D-39: -1
  NK000117/TOAN141-D-40: -1
  NK000117/TOAN141-D-41: -1
  NK000117/TOAN141-D-42: -2
  NK000117/TOAN141-D-43: -1
  NK000117/TOAN141-N-40: -1
  NK000117/TOAN141-N-41: -1
  NK000117/TOAN183-BO-44: -2
  NK000117/TOAN183-D-41: -1
  NK000117/TOAND12-D-40: -1
  NK000117/TRUC078-B4-N-36: -1
  NK000117/TRUC1109-A1-K-36: -1
  NK000117/TRUC1109-A1-K-37: -1
  NK000117/TRUC1185-D-38: -1
  NK000117/TRUC1880-12-D-35: -1
  NK000117/TRUC554-3-D-38: -1
  NK000117/TRUC554-4-D-37: -1
  NK000117/TRUC637-3-D-40: -1
  NK000117/TRUC637-3-K-40: -1
  NK000117/TRUCZ637-9-XA-37: -1
  NK000117/TX2024-N: -2
  NK000117/TX25232-D: -1
  NK000117/TX25233-K: -1
  NK000117/TX573-N: -1
  NK000117/TX7021-1-N: -2
  NK000117/TXF1991A-D: -1
  NK000117/TXF2036-1-K: -1
  NK000117/TXF2085-K: -1
  NK000117/TXF2128A-X: -1
  NK000117/TXF2235-BO: -1
  NK000117/TXF2235-D: -3
  NK000117/TXF9076D-11-D: -2
  NK000117/TXV5849-D: -1
  NK000117/TXV5849-K: -3
  NK000117/TXV5853-BO: -1
  NK000117/TXV5911-K: -1
  NK000117/TXV5971-K: -1
  NK000117/TXV5976-D: -1
  NK000117/TXV6117-XA: -1
  NK000117/TXV6121-1-K: -1
  NK000117/TXV6153-BO: -1
  NK000117/TXV6157-D: -1
  NK000117/VAM85-100-D-40: -1
  NK000117/VAM85-359-D-39: -1
  NK000117/VAM85-61-D-41: -1
  NK000117/VAM85-765-N-38: -1
  NK000117/VI1850: -1
  NK000117/VI580: -3
  NK000117/VO35: -5
  NK000117/VOAHC-D: -4
  NK000117/VOALC-D: -2
  NK000117/VOALC-X: -1
  NK000117/VOANF-D: -7
  NK000117/VOANF-TR: -2
  NK000117/VOANF-X: -9
  NK000117/VOATCS-TRS: -1
  NK000117/VOATCS-XS: -4
  NK000117/VOUHC-D: -2
  NK000117/VOUHC-TR: -1
  NK000117/VOUHC-X: -1
  NK000117/VOUNC-D: -3
  NK000117/VOUNC-TR: -1
  NK000117/VOUNC-X: -1
  NK000117/VPOTMT201-X-39: -2
  NK000117/VPOTQA713-D-38: -1
  NK000117/VPOTQA718-N-39: -1
  NK000117/VPOTVT706-X-43: -1
  NK000117/VPOTVT712-D-38: -1
  NK000117/VPOTVT712-N-39: -1
  NK000117/XIKIWI-N: -1
  NK000117/XIMUT: -9
  NK000117/XINUOC-D: -1
  NK000117/XINUOC-N: -1
  NK000117/YMT25016-D-41: -1
  NK000117/YMT25016-N-42: -1
  NK000117/YMT25018-N-38: -1
  NK000117/YMT25018-N-40: -1
  NK000117/YMT25019-N-42: -1

Dry run only — nothing written. Re-run with --apply to commit.
